

Microchip MPLAB XC8 Assembler V3.00 build 20241204225717 
                                                                                               Sat Jun 28 15:33:01 2025

Microchip MPLAB XC8 C Compiler v3.00 (Free license) build 20241204225717 Og1 
     1                           	processor	18F45K80
     2                           	fnconf	rparam,??,?,0
     3                           	pagewidth 120
     4                           	opt	flic
     5                           	psect	nvCOMRAM,global,class=COMRAM,space=1,delta=1,lowdata,noexec
     6                           	psect	cinit,global,reloc=2,class=CODE,space=0,delta=1
     7                           	psect	bssCOMRAM,global,class=COMRAM,space=1,delta=1,lowdata,noexec
     8                           	psect	cstackCOMRAM,global,class=COMRAM,space=1,delta=1,lowdata,noexec
     9                           	psect	text0,global,reloc=2,class=CODE,space=0,delta=1
    10                           	psect	text1,global,reloc=2,class=CODE,space=0,delta=1
    11                           	psect	text2,global,reloc=2,class=CODE,space=0,delta=1
    12                           	psect	text3,global,reloc=2,class=CODE,space=0,delta=1
    13                           	psect	text4,global,reloc=2,class=CODE,space=0,delta=1
    14                           	psect	text5,global,reloc=2,class=CODE,space=0,delta=1
    15                           	psect	text6,global,reloc=2,class=CODE,space=0,delta=1,group=1
    16                           	psect	text7,global,reloc=2,class=CODE,space=0,delta=1
    17                           	psect	text8,global,reloc=2,class=CODE,space=0,delta=1
    18                           	psect	text9,global,reloc=2,class=CODE,space=0,delta=1
    19                           	psect	text10,global,reloc=2,class=CODE,space=0,delta=1
    20                           	psect	text11,global,reloc=2,class=CODE,space=0,delta=1
    21                           	psect	text12,global,reloc=2,class=CODE,space=0,delta=1
    22                           	psect	text13,global,reloc=2,class=CODE,space=0,delta=1
    23                           	psect	text14,global,reloc=2,class=CODE,space=0,delta=1
    24                           	psect	text15,global,reloc=2,class=CODE,space=0,delta=1
    25                           	psect	text16,global,reloc=2,class=CODE,space=0,delta=1
    26                           	psect	text17,global,reloc=2,class=CODE,space=0,delta=1
    27                           	psect	text18,global,reloc=2,class=CODE,space=0,delta=1
    28                           	psect	smallconst,global,reloc=2,class=SMALLCONST,space=0,delta=1,noexec
    29                           	psect	intsave_regs,global,class=BIGRAM,space=1,delta=1,noexec
    30                           	psect	rparam,global,class=COMRAM,space=1,delta=1,noexec
    31                           	psect	config,global,abs,ovrld,class=CONFIG,space=4,delta=1,noexec
    32   000000                     
    33                           ; Generated 13/12/2024 GMT
    34                           ; 
    35                           ; Copyright © 2024, Microchip Technology Inc. and its subsidiaries ("Microchip")
    36                           ; All rights reserved.
    37                           ; 
    38                           ; This software is developed by Microchip Technology Inc. and its subsidiaries ("Microch
      +                          ip").
    39                           ; 
    40                           ; Redistribution and use in source and binary forms, with or without modification, are
    41                           ; permitted provided that the following conditions are met:
    42                           ; 
    43                           ;     1. Redistributions of source code must retain the above copyright notice, this lis
      +                          t of
    44                           ;        conditions and the following disclaimer.
    45                           ; 
    46                           ;     2. Redistributions in binary form must reproduce the above copyright notice, this 
      +                          list
    47                           ;        of conditions and the following disclaimer in the documentation and/or other
    48                           ;        materials provided with the distribution. Publication is not required when
    49                           ;        this file is used in an embedded application.
    50                           ; 
    51                           ;     3. Microchip's name may not be used to endorse or promote products derived from th
      +                          is
    52                           ;        software without specific prior written permission.
    53                           ; 
    54                           ; THIS SOFTWARE IS PROVIDED BY MICROCHIP "AS IS" AND ANY EXPRESS OR IMPLIED WARRANTIES,
    55                           ; INCLUDING, BUT NOT LIMITED TO, THE IMPLIED WARRANTIES OF MERCHANTABILITY AND FITNESS F
      +                          OR
    56                           ; PURPOSE ARE DISCLAIMED.  IN NO EVENT SHALL MICROCHIP BE LIABLE FOR ANY DIRECT, INDIREC
      +                          T,
    57                           ; INCIDENTAL, SPECIAL, EXEMPLARY, OR CONSEQUENTIAL DAMAGES (INCLUDING BUT NOT LIMITED TO
    58                           ; PROCUREMENT OF SUBSTITUTE GOODS OR SERVICES; LOSS OF USE, DATA OR PROFITS; OR BUSINESS
    59                           ; INTERRUPTION) HOWSOEVER CAUSED AND ON ANY THEORY OF LIABILITY, WHETHER IN CONTRACT, ST
      +                          RICT
    60                           ; LIABILITY, OR TORT (INCLUDING NEGLIGENCE OR OTHERWISE) ARISING IN ANY WAY OUT OF THE U
      +                          SE OF
    61                           ; THIS SOFTWARE, EVEN IF ADVISED OF THE POSSIBILITY OF SUCH DAMAGE.
    62                           ; 
    63                           ; 
    64                           ; Code-generator required, PIC18F45K80 Definitions
    65                           ; 
    66                           ; SFR Addresses
    67   000FE0                     bsr             equ	4064
    68   000FE9                     fsr0            equ	4073
    69   000FEA                     fsr0h           equ	4074
    70   000FE9                     fsr0l           equ	4073
    71   000FE1                     fsr1            equ	4065
    72   000FE2                     fsr1h           equ	4066
    73   000FE1                     fsr1l           equ	4065
    74   000FD9                     fsr2            equ	4057
    75   000FDA                     fsr2h           equ	4058
    76   000FD9                     fsr2l           equ	4057
    77   000FEF                     indf0           equ	4079
    78   000FE7                     indf1           equ	4071
    79   000FDF                     indf2           equ	4063
    80   000FF2                     intcon          equ	4082
    81   000000                     nvmcon          equ	0
    82   000FF9                     pcl             equ	4089
    83   000FFA                     pclath          equ	4090
    84   000FFB                     pclatu          equ	4091
    85   000FEB                     plusw0          equ	4075
    86   000FE3                     plusw1          equ	4067
    87   000FDB                     plusw2          equ	4059
    88   000FED                     postdec0        equ	4077
    89   000FE5                     postdec1        equ	4069
    90   000FDD                     postdec2        equ	4061
    91   000FEE                     postinc0        equ	4078
    92   000FE6                     postinc1        equ	4070
    93   000FDE                     postinc2        equ	4062
    94   000FEC                     preinc0         equ	4076
    95   000FE4                     preinc1         equ	4068
    96   000FDC                     preinc2         equ	4060
    97   000FF3                     prod            equ	4083
    98   000FF4                     prodh           equ	4084
    99   000FF3                     prodl           equ	4083
   100   000FD8                     status          equ	4056
   101   000FF5                     tablat          equ	4085
   102   000FF6                     tblptr          equ	4086
   103   000FF7                     tblptrh         equ	4087
   104   000FF6                     tblptrl         equ	4086
   105   000FF8                     tblptru         equ	4088
   106   000FFD                     tosl            equ	4093
   107   000FE8                     wreg            equ	4072
   108   000E41                     RXERRCNT        equ	3649	;# 
   109   000E42                     TXERRCNT        equ	3650	;# 
   110   000E43                     BRGCON1         equ	3651	;# 
   111   000E44                     BRGCON2         equ	3652	;# 
   112   000E45                     BRGCON3         equ	3653	;# 
   113   000E46                     RXFCON0         equ	3654	;# 
   114   000E47                     RXFCON1         equ	3655	;# 
   115   000E48                     RXF6SIDH        equ	3656	;# 
   116   000E49                     RXF6SIDL        equ	3657	;# 
   117   000E4A                     RXF6EIDH        equ	3658	;# 
   118   000E4B                     RXF6EIDL        equ	3659	;# 
   119   000E4C                     RXF7SIDH        equ	3660	;# 
   120   000E4D                     RXF7SIDL        equ	3661	;# 
   121   000E4E                     RXF7EIDH        equ	3662	;# 
   122   000E4F                     RXF7EIDL        equ	3663	;# 
   123   000E50                     RXF8SIDH        equ	3664	;# 
   124   000E51                     RXF8SIDL        equ	3665	;# 
   125   000E52                     RXF8EIDH        equ	3666	;# 
   126   000E53                     RXF8EIDL        equ	3667	;# 
   127   000E54                     RXF9SIDH        equ	3668	;# 
   128   000E55                     RXF9SIDL        equ	3669	;# 
   129   000E56                     RXF9EIDH        equ	3670	;# 
   130   000E57                     RXF9EIDL        equ	3671	;# 
   131   000E58                     RXF10SIDH       equ	3672	;# 
   132   000E59                     RXF10SIDL       equ	3673	;# 
   133   000E5A                     RXF10EIDH       equ	3674	;# 
   134   000E5B                     RXF10EIDL       equ	3675	;# 
   135   000E5C                     RXF11SIDH       equ	3676	;# 
   136   000E5D                     RXF11SIDL       equ	3677	;# 
   137   000E5E                     RXF11EIDH       equ	3678	;# 
   138   000E5F                     RXF11EIDL       equ	3679	;# 
   139   000E60                     RXF12SIDH       equ	3680	;# 
   140   000E61                     RXF12SIDL       equ	3681	;# 
   141   000E62                     RXF12EIDH       equ	3682	;# 
   142   000E63                     RXF12EIDL       equ	3683	;# 
   143   000E64                     RXF13SIDH       equ	3684	;# 
   144   000E65                     RXF13SIDL       equ	3685	;# 
   145   000E66                     RXF13EIDH       equ	3686	;# 
   146   000E67                     RXF13EIDL       equ	3687	;# 
   147   000E68                     RXF14SIDH       equ	3688	;# 
   148   000E69                     RXF14SIDL       equ	3689	;# 
   149   000E6A                     RXF14EIDH       equ	3690	;# 
   150   000E6B                     RXF14EIDL       equ	3691	;# 
   151   000E6C                     RXF15SIDH       equ	3692	;# 
   152   000E6D                     RXF15SIDL       equ	3693	;# 
   153   000E6E                     RXF15EIDH       equ	3694	;# 
   154   000E6F                     RXF15EIDL       equ	3695	;# 
   155   000E70                     SDFLC           equ	3696	;# 
   156   000E71                     RXFBCON0        equ	3697	;# 
   157   000E72                     RXFBCON1        equ	3698	;# 
   158   000E73                     RXFBCON2        equ	3699	;# 
   159   000E74                     RXFBCON3        equ	3700	;# 
   160   000E75                     RXFBCON4        equ	3701	;# 
   161   000E76                     RXFBCON5        equ	3702	;# 
   162   000E77                     RXFBCON6        equ	3703	;# 
   163   000E78                     RXFBCON7        equ	3704	;# 
   164   000E79                     MSEL0           equ	3705	;# 
   165   000E7A                     MSEL1           equ	3706	;# 
   166   000E7B                     MSEL2           equ	3707	;# 
   167   000E7C                     MSEL3           equ	3708	;# 
   168   000E7D                     BSEL0           equ	3709	;# 
   169   000E7E                     BIE0            equ	3710	;# 
   170   000E7F                     TXBIE           equ	3711	;# 
   171   000E80                     B0CON           equ	3712	;# 
   172   000E81                     B0SIDH          equ	3713	;# 
   173   000E82                     B0SIDL          equ	3714	;# 
   174   000E83                     B0EIDH          equ	3715	;# 
   175   000E84                     B0EIDL          equ	3716	;# 
   176   000E85                     B0DLC           equ	3717	;# 
   177   000E86                     B0D0            equ	3718	;# 
   178   000E87                     B0D1            equ	3719	;# 
   179   000E88                     B0D2            equ	3720	;# 
   180   000E89                     B0D3            equ	3721	;# 
   181   000E8A                     B0D4            equ	3722	;# 
   182   000E8B                     B0D5            equ	3723	;# 
   183   000E8C                     B0D6            equ	3724	;# 
   184   000E8D                     B0D7            equ	3725	;# 
   185   000E8E                     CANSTAT_RO9     equ	3726	;# 
   186   000E8F                     CANCON_RO9      equ	3727	;# 
   187   000E90                     B1CON           equ	3728	;# 
   188   000E91                     B1SIDH          equ	3729	;# 
   189   000E92                     B1SIDL          equ	3730	;# 
   190   000E93                     B1EIDH          equ	3731	;# 
   191   000E94                     B1EIDL          equ	3732	;# 
   192   000E95                     B1DLC           equ	3733	;# 
   193   000E96                     B1D0            equ	3734	;# 
   194   000E97                     B1D1            equ	3735	;# 
   195   000E98                     B1D2            equ	3736	;# 
   196   000E99                     B1D3            equ	3737	;# 
   197   000E9A                     B1D4            equ	3738	;# 
   198   000E9B                     B1D5            equ	3739	;# 
   199   000E9C                     B1D6            equ	3740	;# 
   200   000E9D                     B1D7            equ	3741	;# 
   201   000E9E                     CANSTAT_RO8     equ	3742	;# 
   202   000E9F                     CANCON_RO8      equ	3743	;# 
   203   000EA0                     B2CON           equ	3744	;# 
   204   000EA1                     B2SIDH          equ	3745	;# 
   205   000EA2                     B2SIDL          equ	3746	;# 
   206   000EA3                     B2EIDH          equ	3747	;# 
   207   000EA4                     B2EIDL          equ	3748	;# 
   208   000EA5                     B2DLC           equ	3749	;# 
   209   000EA6                     B2D0            equ	3750	;# 
   210   000EA7                     B2D1            equ	3751	;# 
   211   000EA8                     B2D2            equ	3752	;# 
   212   000EA9                     B2D3            equ	3753	;# 
   213   000EAA                     B2D4            equ	3754	;# 
   214   000EAB                     B2D5            equ	3755	;# 
   215   000EAC                     B2D6            equ	3756	;# 
   216   000EAD                     B2D7            equ	3757	;# 
   217   000EAE                     CANSTAT_RO7     equ	3758	;# 
   218   000EAF                     CANCON_RO7      equ	3759	;# 
   219   000EB0                     B3CON           equ	3760	;# 
   220   000EB1                     B3SIDH          equ	3761	;# 
   221   000EB2                     B3SIDL          equ	3762	;# 
   222   000EB3                     B3EIDH          equ	3763	;# 
   223   000EB4                     B3EIDL          equ	3764	;# 
   224   000EB5                     B3DLC           equ	3765	;# 
   225   000EB6                     B3D0            equ	3766	;# 
   226   000EB7                     B3D1            equ	3767	;# 
   227   000EB8                     B3D2            equ	3768	;# 
   228   000EB9                     B3D3            equ	3769	;# 
   229   000EBA                     B3D4            equ	3770	;# 
   230   000EBB                     B3D5            equ	3771	;# 
   231   000EBC                     B3D6            equ	3772	;# 
   232   000EBD                     B3D7            equ	3773	;# 
   233   000EBE                     CANSTAT_RO6     equ	3774	;# 
   234   000EBF                     CANCON_RO6      equ	3775	;# 
   235   000EC0                     B4CON           equ	3776	;# 
   236   000EC1                     B4SIDH          equ	3777	;# 
   237   000EC2                     B4SIDL          equ	3778	;# 
   238   000EC3                     B4EIDH          equ	3779	;# 
   239   000EC4                     B4EIDL          equ	3780	;# 
   240   000EC5                     B4DLC           equ	3781	;# 
   241   000EC6                     B4D0            equ	3782	;# 
   242   000EC7                     B4D1            equ	3783	;# 
   243   000EC8                     B4D2            equ	3784	;# 
   244   000EC9                     B4D3            equ	3785	;# 
   245   000ECA                     B4D4            equ	3786	;# 
   246   000ECB                     B4D5            equ	3787	;# 
   247   000ECC                     B4D6            equ	3788	;# 
   248   000ECD                     B4D7            equ	3789	;# 
   249   000ECE                     CANSTAT_RO5     equ	3790	;# 
   250   000ECF                     CANCON_RO5      equ	3791	;# 
   251   000ED0                     B5CON           equ	3792	;# 
   252   000ED1                     B5SIDH          equ	3793	;# 
   253   000ED2                     B5SIDL          equ	3794	;# 
   254   000ED3                     B5EIDH          equ	3795	;# 
   255   000ED4                     B5EIDL          equ	3796	;# 
   256   000ED5                     B5DLC           equ	3797	;# 
   257   000ED6                     B5D0            equ	3798	;# 
   258   000ED7                     B5D1            equ	3799	;# 
   259   000ED8                     B5D2            equ	3800	;# 
   260   000ED9                     B5D3            equ	3801	;# 
   261   000EDA                     B5D4            equ	3802	;# 
   262   000EDB                     B5D5            equ	3803	;# 
   263   000EDC                     B5D6            equ	3804	;# 
   264   000EDD                     B5D7            equ	3805	;# 
   265   000EDE                     CANSTAT_RO4     equ	3806	;# 
   266   000EDF                     CANCON_RO4      equ	3807	;# 
   267   000EE0                     RXF0SIDH        equ	3808	;# 
   268   000EE1                     RXF0SIDL        equ	3809	;# 
   269   000EE2                     RXF0EIDH        equ	3810	;# 
   270   000EE3                     RXF0EIDL        equ	3811	;# 
   271   000EE4                     RXF1SIDH        equ	3812	;# 
   272   000EE5                     RXF1SIDL        equ	3813	;# 
   273   000EE6                     RXF1EIDH        equ	3814	;# 
   274   000EE7                     RXF1EIDL        equ	3815	;# 
   275   000EE8                     RXF2SIDH        equ	3816	;# 
   276   000EE9                     RXF2SIDL        equ	3817	;# 
   277   000EEA                     RXF2EIDH        equ	3818	;# 
   278   000EEB                     RXF2EIDL        equ	3819	;# 
   279   000EEC                     RXF3SIDH        equ	3820	;# 
   280   000EED                     RXF3SIDL        equ	3821	;# 
   281   000EEE                     RXF3EIDH        equ	3822	;# 
   282   000EEF                     RXF3EIDL        equ	3823	;# 
   283   000EF0                     RXF4SIDH        equ	3824	;# 
   284   000EF1                     RXF4SIDL        equ	3825	;# 
   285   000EF2                     RXF4EIDH        equ	3826	;# 
   286   000EF3                     RXF4EIDL        equ	3827	;# 
   287   000EF4                     RXF5SIDH        equ	3828	;# 
   288   000EF5                     RXF5SIDL        equ	3829	;# 
   289   000EF6                     RXF5EIDH        equ	3830	;# 
   290   000EF7                     RXF5EIDL        equ	3831	;# 
   291   000EF8                     RXM0SIDH        equ	3832	;# 
   292   000EF9                     RXM0SIDL        equ	3833	;# 
   293   000EFA                     RXM0EIDH        equ	3834	;# 
   294   000EFB                     RXM0EIDL        equ	3835	;# 
   295   000EFC                     RXM1SIDH        equ	3836	;# 
   296   000EFD                     RXM1SIDL        equ	3837	;# 
   297   000EFE                     RXM1EIDH        equ	3838	;# 
   298   000EFF                     RXM1EIDL        equ	3839	;# 
   299   000F00                     TXB2CON         equ	3840	;# 
   300   000F01                     TXB2SIDH        equ	3841	;# 
   301   000F02                     TXB2SIDL        equ	3842	;# 
   302   000F03                     TXB2EIDH        equ	3843	;# 
   303   000F04                     TXB2EIDL        equ	3844	;# 
   304   000F05                     TXB2DLC         equ	3845	;# 
   305   000F06                     TXB2D0          equ	3846	;# 
   306   000F07                     TXB2D1          equ	3847	;# 
   307   000F08                     TXB2D2          equ	3848	;# 
   308   000F09                     TXB2D3          equ	3849	;# 
   309   000F0A                     TXB2D4          equ	3850	;# 
   310   000F0B                     TXB2D5          equ	3851	;# 
   311   000F0C                     TXB2D6          equ	3852	;# 
   312   000F0D                     TXB2D7          equ	3853	;# 
   313   000F0E                     CANSTAT_RO3     equ	3854	;# 
   314   000F0F                     CANCON_RO3      equ	3855	;# 
   315   000F10                     TXB1CON         equ	3856	;# 
   316   000F11                     TXB1SIDH        equ	3857	;# 
   317   000F12                     TXB1SIDL        equ	3858	;# 
   318   000F13                     TXB1EIDH        equ	3859	;# 
   319   000F14                     TXB1EIDL        equ	3860	;# 
   320   000F15                     TXB1DLC         equ	3861	;# 
   321   000F16                     TXB1D0          equ	3862	;# 
   322   000F17                     TXB1D1          equ	3863	;# 
   323   000F18                     TXB1D2          equ	3864	;# 
   324   000F19                     TXB1D3          equ	3865	;# 
   325   000F1A                     TXB1D4          equ	3866	;# 
   326   000F1B                     TXB1D5          equ	3867	;# 
   327   000F1C                     TXB1D6          equ	3868	;# 
   328   000F1D                     TXB1D7          equ	3869	;# 
   329   000F1E                     CANSTAT_RO2     equ	3870	;# 
   330   000F1F                     CANCON_RO2      equ	3871	;# 
   331   000F20                     TXB0CON         equ	3872	;# 
   332   000F21                     TXB0SIDH        equ	3873	;# 
   333   000F22                     TXB0SIDL        equ	3874	;# 
   334   000F23                     TXB0EIDH        equ	3875	;# 
   335   000F24                     TXB0EIDL        equ	3876	;# 
   336   000F25                     TXB0DLC         equ	3877	;# 
   337   000F26                     TXB0D0          equ	3878	;# 
   338   000F27                     TXB0D1          equ	3879	;# 
   339   000F28                     TXB0D2          equ	3880	;# 
   340   000F29                     TXB0D3          equ	3881	;# 
   341   000F2A                     TXB0D4          equ	3882	;# 
   342   000F2B                     TXB0D5          equ	3883	;# 
   343   000F2C                     TXB0D6          equ	3884	;# 
   344   000F2D                     TXB0D7          equ	3885	;# 
   345   000F2E                     CANSTAT_RO1     equ	3886	;# 
   346   000F2F                     CANCON_RO1      equ	3887	;# 
   347   000F30                     RXB1CON         equ	3888	;# 
   348   000F31                     RXB1SIDH        equ	3889	;# 
   349   000F32                     RXB1SIDL        equ	3890	;# 
   350   000F33                     RXB1EIDH        equ	3891	;# 
   351   000F34                     RXB1EIDL        equ	3892	;# 
   352   000F35                     RXB1DLC         equ	3893	;# 
   353   000F36                     RXB1D0          equ	3894	;# 
   354   000F37                     RXB1D1          equ	3895	;# 
   355   000F38                     RXB1D2          equ	3896	;# 
   356   000F39                     RXB1D3          equ	3897	;# 
   357   000F3A                     RXB1D4          equ	3898	;# 
   358   000F3B                     RXB1D5          equ	3899	;# 
   359   000F3C                     RXB1D6          equ	3900	;# 
   360   000F3D                     RXB1D7          equ	3901	;# 
   361   000F3E                     CANSTAT_RO0     equ	3902	;# 
   362   000F3F                     CANCON_RO0      equ	3903	;# 
   363   000F46                     PSPCON          equ	3910	;# 
   364   000F47                     CCP5CON         equ	3911	;# 
   365   000F48                     CCPR5           equ	3912	;# 
   366   000F48                     CCPR5L          equ	3912	;# 
   367   000F49                     CCPR5H          equ	3913	;# 
   368   000F4A                     CCP4CON         equ	3914	;# 
   369   000F4B                     CCPR4           equ	3915	;# 
   370   000F4B                     CCPR4L          equ	3915	;# 
   371   000F4C                     CCPR4H          equ	3916	;# 
   372   000F4D                     CCP3CON         equ	3917	;# 
   373   000F4E                     CCPR3           equ	3918	;# 
   374   000F4E                     CCPR3L          equ	3918	;# 
   375   000F4F                     CCPR3H          equ	3919	;# 
   376   000F50                     CCP2CON         equ	3920	;# 
   377   000F50                     ECCP2CON        equ	3920	;# 
   378   000F51                     CCPR2           equ	3921	;# 
   379   000F51                     CCPR2L          equ	3921	;# 
   380   000F52                     CCPR2H          equ	3922	;# 
   381   000F53                     CTMUICON        equ	3923	;# 
   382   000F54                     CTMUCONL        equ	3924	;# 
   383   000F55                     CTMUCONH        equ	3925	;# 
   384   000F56                     PADCFG1         equ	3926	;# 
   385   000F57                     PMD2            equ	3927	;# 
   386   000F58                     PMD1            equ	3928	;# 
   387   000F59                     PMD0            equ	3929	;# 
   388   000F5A                     IOCB            equ	3930	;# 
   389   000F5B                     WPUB            equ	3931	;# 
   390   000F5C                     ANCON1          equ	3932	;# 
   391   000F5D                     ANCON0          equ	3933	;# 
   392   000F5E                     CM2CON          equ	3934	;# 
   393   000F5E                     CM2CON1         equ	3934	;# 
   394   000F5F                     CM1CON          equ	3935	;# 
   395   000F5F                     CM1CON1         equ	3935	;# 
   396   000F60                     RXB0CON         equ	3936	;# 
   397   000F61                     RXB0SIDH        equ	3937	;# 
   398   000F62                     RXB0SIDL        equ	3938	;# 
   399   000F63                     RXB0EIDH        equ	3939	;# 
   400   000F64                     RXB0EIDL        equ	3940	;# 
   401   000F65                     RXB0DLC         equ	3941	;# 
   402   000F66                     RXB0D0          equ	3942	;# 
   403   000F67                     RXB0D1          equ	3943	;# 
   404   000F68                     RXB0D2          equ	3944	;# 
   405   000F69                     RXB0D3          equ	3945	;# 
   406   000F6A                     RXB0D4          equ	3946	;# 
   407   000F6B                     RXB0D5          equ	3947	;# 
   408   000F6C                     RXB0D6          equ	3948	;# 
   409   000F6D                     RXB0D7          equ	3949	;# 
   410   000F6E                     CANSTAT         equ	3950	;# 
   411   000F6F                     CANCON          equ	3951	;# 
   412   000F70                     CIOCON          equ	3952	;# 
   413   000F71                     COMSTAT         equ	3953	;# 
   414   000F72                     ECANCON         equ	3954	;# 
   415   000F73                     EEDATA          equ	3955	;# 
   416   000F74                     EEADR           equ	3956	;# 
   417   000F75                     EEADRH          equ	3957	;# 
   418   000F76                     PIE5            equ	3958	;# 
   419   000F77                     PIR5            equ	3959	;# 
   420   000F78                     IPR5            equ	3960	;# 
   421   000F79                     TXREG2          equ	3961	;# 
   422   000F7A                     RCREG2          equ	3962	;# 
   423   000F7B                     SPBRG2          equ	3963	;# 
   424   000F7C                     SPBRGH2         equ	3964	;# 
   425   000F7D                     SPBRGH1         equ	3965	;# 
   426   000F7E                     EECON2          equ	3966	;# 
   427   000F7F                     EECON1          equ	3967	;# 
   428   000F80                     PORTA           equ	3968	;# 
   429   000F81                     PORTB           equ	3969	;# 
   430   000F82                     PORTC           equ	3970	;# 
   431   000F83                     PORTD           equ	3971	;# 
   432   000F84                     PORTE           equ	3972	;# 
   433   000F87                     TMR4            equ	3975	;# 
   434   000F88                     T4CON           equ	3976	;# 
   435   000F89                     LATA            equ	3977	;# 
   436   000F8A                     LATB            equ	3978	;# 
   437   000F8B                     LATC            equ	3979	;# 
   438   000F8C                     LATD            equ	3980	;# 
   439   000F8D                     LATE            equ	3981	;# 
   440   000F90                     SLRCON          equ	3984	;# 
   441   000F91                     ODCON           equ	3985	;# 
   442   000F92                     TRISA           equ	3986	;# 
   443   000F93                     TRISB           equ	3987	;# 
   444   000F94                     TRISC           equ	3988	;# 
   445   000F95                     TRISD           equ	3989	;# 
   446   000F96                     TRISE           equ	3990	;# 
   447   000F99                     CCPTMRS         equ	3993	;# 
   448   000F9A                     REFOCON         equ	3994	;# 
   449   000F9B                     OSCTUNE         equ	3995	;# 
   450   000F9C                     PSTR1CON        equ	3996	;# 
   451   000F9D                     PIE1            equ	3997	;# 
   452   000F9E                     PIR1            equ	3998	;# 
   453   000F9F                     IPR1            equ	3999	;# 
   454   000FA0                     PIE2            equ	4000	;# 
   455   000FA1                     PIR2            equ	4001	;# 
   456   000FA2                     IPR2            equ	4002	;# 
   457   000FA3                     PIE3            equ	4003	;# 
   458   000FA4                     PIR3            equ	4004	;# 
   459   000FA5                     IPR3            equ	4005	;# 
   460   000FA6                     RCSTA2          equ	4006	;# 
   461   000FA7                     BAUDCON1        equ	4007	;# 
   462   000FA8                     HLVDCON         equ	4008	;# 
   463   000FA9                     PR4             equ	4009	;# 
   464   000FAA                     T1GCON          equ	4010	;# 
   465   000FAB                     RCSTA1          equ	4011	;# 
   466   000FAB                     RCSTA           equ	4011	;# 
   467   000FAC                     TXSTA1          equ	4012	;# 
   468   000FAC                     TXSTA           equ	4012	;# 
   469   000FAD                     TXREG1          equ	4013	;# 
   470   000FAD                     TXREG           equ	4013	;# 
   471   000FAE                     RCREG1          equ	4014	;# 
   472   000FAE                     RCREG           equ	4014	;# 
   473   000FAF                     SPBRG1          equ	4015	;# 
   474   000FAF                     SPBRG           equ	4015	;# 
   475   000FB0                     T3GCON          equ	4016	;# 
   476   000FB1                     T3CON           equ	4017	;# 
   477   000FB2                     TMR3            equ	4018	;# 
   478   000FB2                     TMR3L           equ	4018	;# 
   479   000FB3                     TMR3H           equ	4019	;# 
   480   000FB4                     CMSTAT          equ	4020	;# 
   481   000FB4                     CMSTATUS        equ	4020	;# 
   482   000FB5                     CVRCON          equ	4021	;# 
   483   000FB6                     PIE4            equ	4022	;# 
   484   000FB7                     PIR4            equ	4023	;# 
   485   000FB8                     IPR4            equ	4024	;# 
   486   000FB9                     BAUDCON2        equ	4025	;# 
   487   000FBA                     TXSTA2          equ	4026	;# 
   488   000FBB                     CCP1CON         equ	4027	;# 
   489   000FBB                     ECCP1CON        equ	4027	;# 
   490   000FBC                     CCPR1           equ	4028	;# 
   491   000FBC                     CCPR1L          equ	4028	;# 
   492   000FBD                     CCPR1H          equ	4029	;# 
   493   000FBE                     ECCP1DEL        equ	4030	;# 
   494   000FBE                     PWM1CON         equ	4030	;# 
   495   000FBF                     ECCP1AS         equ	4031	;# 
   496   000FC0                     ADCON2          equ	4032	;# 
   497   000FC1                     ADCON1          equ	4033	;# 
   498   000FC2                     ADCON0          equ	4034	;# 
   499   000FC3                     ADRES           equ	4035	;# 
   500   000FC3                     ADRESL          equ	4035	;# 
   501   000FC4                     ADRESH          equ	4036	;# 
   502   000FC5                     SSPCON2         equ	4037	;# 
   503   000FC6                     SSPCON1         equ	4038	;# 
   504   000FC7                     SSPSTAT         equ	4039	;# 
   505   000FC8                     SSPADD          equ	4040	;# 
   506   000FC9                     SSPBUF          equ	4041	;# 
   507   000FCA                     T2CON           equ	4042	;# 
   508   000FCB                     PR2             equ	4043	;# 
   509   000FCB                     MEMCON          equ	4043	;# 
   510   000FCC                     TMR2            equ	4044	;# 
   511   000FCD                     T1CON           equ	4045	;# 
   512   000FCE                     TMR1            equ	4046	;# 
   513   000FCE                     TMR1L           equ	4046	;# 
   514   000FCF                     TMR1H           equ	4047	;# 
   515   000FD0                     RCON            equ	4048	;# 
   516   000FD1                     WDTCON          equ	4049	;# 
   517   000FD2                     OSCCON2         equ	4050	;# 
   518   000FD3                     OSCCON          equ	4051	;# 
   519   000FD5                     T0CON           equ	4053	;# 
   520   000FD6                     TMR0            equ	4054	;# 
   521   000FD6                     TMR0L           equ	4054	;# 
   522   000FD7                     TMR0H           equ	4055	;# 
   523   000FD8                     STATUS          equ	4056	;# 
   524   000FD9                     FSR2            equ	4057	;# 
   525   000FD9                     FSR2L           equ	4057	;# 
   526   000FDA                     FSR2H           equ	4058	;# 
   527   000FDB                     PLUSW2          equ	4059	;# 
   528   000FDC                     PREINC2         equ	4060	;# 
   529   000FDD                     POSTDEC2        equ	4061	;# 
   530   000FDE                     POSTINC2        equ	4062	;# 
   531   000FDF                     INDF2           equ	4063	;# 
   532   000FE0                     BSR             equ	4064	;# 
   533   000FE1                     FSR1            equ	4065	;# 
   534   000FE1                     FSR1L           equ	4065	;# 
   535   000FE2                     FSR1H           equ	4066	;# 
   536   000FE3                     PLUSW1          equ	4067	;# 
   537   000FE4                     PREINC1         equ	4068	;# 
   538   000FE5                     POSTDEC1        equ	4069	;# 
   539   000FE6                     POSTINC1        equ	4070	;# 
   540   000FE7                     INDF1           equ	4071	;# 
   541   000FE8                     WREG            equ	4072	;# 
   542   000FE9                     FSR0            equ	4073	;# 
   543   000FE9                     FSR0L           equ	4073	;# 
   544   000FEA                     FSR0H           equ	4074	;# 
   545   000FEB                     PLUSW0          equ	4075	;# 
   546   000FEC                     PREINC0         equ	4076	;# 
   547   000FED                     POSTDEC0        equ	4077	;# 
   548   000FEE                     POSTINC0        equ	4078	;# 
   549   000FEF                     INDF0           equ	4079	;# 
   550   000FF0                     INTCON3         equ	4080	;# 
   551   000FF1                     INTCON2         equ	4081	;# 
   552   000FF2                     INTCON          equ	4082	;# 
   553   000FF2                     INTCON1         equ	4082	;# 
   554   000FF3                     PROD            equ	4083	;# 
   555   000FF3                     PRODL           equ	4083	;# 
   556   000FF4                     PRODH           equ	4084	;# 
   557   000FF5                     TABLAT          equ	4085	;# 
   558   000FF6                     TBLPTR          equ	4086	;# 
   559   000FF6                     TBLPTRL         equ	4086	;# 
   560   000FF7                     TBLPTRH         equ	4087	;# 
   561   000FF8                     TBLPTRU         equ	4088	;# 
   562   000FF9                     PCLAT           equ	4089	;# 
   563   000FF9                     PC              equ	4089	;# 
   564   000FF9                     PCL             equ	4089	;# 
   565   000FFA                     PCLATH          equ	4090	;# 
   566   000FFB                     PCLATU          equ	4091	;# 
   567   000FFC                     STKPTR          equ	4092	;# 
   568   000FFD                     TOS             equ	4093	;# 
   569   000FFD                     TOSL            equ	4093	;# 
   570   000FFE                     TOSH            equ	4094	;# 
   571   000FFF                     TOSU            equ	4095	;# 
   572   000E41                     RXERRCNT        equ	3649	;# 
   573   000E42                     TXERRCNT        equ	3650	;# 
   574   000E43                     BRGCON1         equ	3651	;# 
   575   000E44                     BRGCON2         equ	3652	;# 
   576   000E45                     BRGCON3         equ	3653	;# 
   577   000E46                     RXFCON0         equ	3654	;# 
   578   000E47                     RXFCON1         equ	3655	;# 
   579   000E48                     RXF6SIDH        equ	3656	;# 
   580   000E49                     RXF6SIDL        equ	3657	;# 
   581   000E4A                     RXF6EIDH        equ	3658	;# 
   582   000E4B                     RXF6EIDL        equ	3659	;# 
   583   000E4C                     RXF7SIDH        equ	3660	;# 
   584   000E4D                     RXF7SIDL        equ	3661	;# 
   585   000E4E                     RXF7EIDH        equ	3662	;# 
   586   000E4F                     RXF7EIDL        equ	3663	;# 
   587   000E50                     RXF8SIDH        equ	3664	;# 
   588   000E51                     RXF8SIDL        equ	3665	;# 
   589   000E52                     RXF8EIDH        equ	3666	;# 
   590   000E53                     RXF8EIDL        equ	3667	;# 
   591   000E54                     RXF9SIDH        equ	3668	;# 
   592   000E55                     RXF9SIDL        equ	3669	;# 
   593   000E56                     RXF9EIDH        equ	3670	;# 
   594   000E57                     RXF9EIDL        equ	3671	;# 
   595   000E58                     RXF10SIDH       equ	3672	;# 
   596   000E59                     RXF10SIDL       equ	3673	;# 
   597   000E5A                     RXF10EIDH       equ	3674	;# 
   598   000E5B                     RXF10EIDL       equ	3675	;# 
   599   000E5C                     RXF11SIDH       equ	3676	;# 
   600   000E5D                     RXF11SIDL       equ	3677	;# 
   601   000E5E                     RXF11EIDH       equ	3678	;# 
   602   000E5F                     RXF11EIDL       equ	3679	;# 
   603   000E60                     RXF12SIDH       equ	3680	;# 
   604   000E61                     RXF12SIDL       equ	3681	;# 
   605   000E62                     RXF12EIDH       equ	3682	;# 
   606   000E63                     RXF12EIDL       equ	3683	;# 
   607   000E64                     RXF13SIDH       equ	3684	;# 
   608   000E65                     RXF13SIDL       equ	3685	;# 
   609   000E66                     RXF13EIDH       equ	3686	;# 
   610   000E67                     RXF13EIDL       equ	3687	;# 
   611   000E68                     RXF14SIDH       equ	3688	;# 
   612   000E69                     RXF14SIDL       equ	3689	;# 
   613   000E6A                     RXF14EIDH       equ	3690	;# 
   614   000E6B                     RXF14EIDL       equ	3691	;# 
   615   000E6C                     RXF15SIDH       equ	3692	;# 
   616   000E6D                     RXF15SIDL       equ	3693	;# 
   617   000E6E                     RXF15EIDH       equ	3694	;# 
   618   000E6F                     RXF15EIDL       equ	3695	;# 
   619   000E70                     SDFLC           equ	3696	;# 
   620   000E71                     RXFBCON0        equ	3697	;# 
   621   000E72                     RXFBCON1        equ	3698	;# 
   622   000E73                     RXFBCON2        equ	3699	;# 
   623   000E74                     RXFBCON3        equ	3700	;# 
   624   000E75                     RXFBCON4        equ	3701	;# 
   625   000E76                     RXFBCON5        equ	3702	;# 
   626   000E77                     RXFBCON6        equ	3703	;# 
   627   000E78                     RXFBCON7        equ	3704	;# 
   628   000E79                     MSEL0           equ	3705	;# 
   629   000E7A                     MSEL1           equ	3706	;# 
   630   000E7B                     MSEL2           equ	3707	;# 
   631   000E7C                     MSEL3           equ	3708	;# 
   632   000E7D                     BSEL0           equ	3709	;# 
   633   000E7E                     BIE0            equ	3710	;# 
   634   000E7F                     TXBIE           equ	3711	;# 
   635   000E80                     B0CON           equ	3712	;# 
   636   000E81                     B0SIDH          equ	3713	;# 
   637   000E82                     B0SIDL          equ	3714	;# 
   638   000E83                     B0EIDH          equ	3715	;# 
   639   000E84                     B0EIDL          equ	3716	;# 
   640   000E85                     B0DLC           equ	3717	;# 
   641   000E86                     B0D0            equ	3718	;# 
   642   000E87                     B0D1            equ	3719	;# 
   643   000E88                     B0D2            equ	3720	;# 
   644   000E89                     B0D3            equ	3721	;# 
   645   000E8A                     B0D4            equ	3722	;# 
   646   000E8B                     B0D5            equ	3723	;# 
   647   000E8C                     B0D6            equ	3724	;# 
   648   000E8D                     B0D7            equ	3725	;# 
   649   000E8E                     CANSTAT_RO9     equ	3726	;# 
   650   000E8F                     CANCON_RO9      equ	3727	;# 
   651   000E90                     B1CON           equ	3728	;# 
   652   000E91                     B1SIDH          equ	3729	;# 
   653   000E92                     B1SIDL          equ	3730	;# 
   654   000E93                     B1EIDH          equ	3731	;# 
   655   000E94                     B1EIDL          equ	3732	;# 
   656   000E95                     B1DLC           equ	3733	;# 
   657   000E96                     B1D0            equ	3734	;# 
   658   000E97                     B1D1            equ	3735	;# 
   659   000E98                     B1D2            equ	3736	;# 
   660   000E99                     B1D3            equ	3737	;# 
   661   000E9A                     B1D4            equ	3738	;# 
   662   000E9B                     B1D5            equ	3739	;# 
   663   000E9C                     B1D6            equ	3740	;# 
   664   000E9D                     B1D7            equ	3741	;# 
   665   000E9E                     CANSTAT_RO8     equ	3742	;# 
   666   000E9F                     CANCON_RO8      equ	3743	;# 
   667   000EA0                     B2CON           equ	3744	;# 
   668   000EA1                     B2SIDH          equ	3745	;# 
   669   000EA2                     B2SIDL          equ	3746	;# 
   670   000EA3                     B2EIDH          equ	3747	;# 
   671   000EA4                     B2EIDL          equ	3748	;# 
   672   000EA5                     B2DLC           equ	3749	;# 
   673   000EA6                     B2D0            equ	3750	;# 
   674   000EA7                     B2D1            equ	3751	;# 
   675   000EA8                     B2D2            equ	3752	;# 
   676   000EA9                     B2D3            equ	3753	;# 
   677   000EAA                     B2D4            equ	3754	;# 
   678   000EAB                     B2D5            equ	3755	;# 
   679   000EAC                     B2D6            equ	3756	;# 
   680   000EAD                     B2D7            equ	3757	;# 
   681   000EAE                     CANSTAT_RO7     equ	3758	;# 
   682   000EAF                     CANCON_RO7      equ	3759	;# 
   683   000EB0                     B3CON           equ	3760	;# 
   684   000EB1                     B3SIDH          equ	3761	;# 
   685   000EB2                     B3SIDL          equ	3762	;# 
   686   000EB3                     B3EIDH          equ	3763	;# 
   687   000EB4                     B3EIDL          equ	3764	;# 
   688   000EB5                     B3DLC           equ	3765	;# 
   689   000EB6                     B3D0            equ	3766	;# 
   690   000EB7                     B3D1            equ	3767	;# 
   691   000EB8                     B3D2            equ	3768	;# 
   692   000EB9                     B3D3            equ	3769	;# 
   693   000EBA                     B3D4            equ	3770	;# 
   694   000EBB                     B3D5            equ	3771	;# 
   695   000EBC                     B3D6            equ	3772	;# 
   696   000EBD                     B3D7            equ	3773	;# 
   697   000EBE                     CANSTAT_RO6     equ	3774	;# 
   698   000EBF                     CANCON_RO6      equ	3775	;# 
   699   000EC0                     B4CON           equ	3776	;# 
   700   000EC1                     B4SIDH          equ	3777	;# 
   701   000EC2                     B4SIDL          equ	3778	;# 
   702   000EC3                     B4EIDH          equ	3779	;# 
   703   000EC4                     B4EIDL          equ	3780	;# 
   704   000EC5                     B4DLC           equ	3781	;# 
   705   000EC6                     B4D0            equ	3782	;# 
   706   000EC7                     B4D1            equ	3783	;# 
   707   000EC8                     B4D2            equ	3784	;# 
   708   000EC9                     B4D3            equ	3785	;# 
   709   000ECA                     B4D4            equ	3786	;# 
   710   000ECB                     B4D5            equ	3787	;# 
   711   000ECC                     B4D6            equ	3788	;# 
   712   000ECD                     B4D7            equ	3789	;# 
   713   000ECE                     CANSTAT_RO5     equ	3790	;# 
   714   000ECF                     CANCON_RO5      equ	3791	;# 
   715   000ED0                     B5CON           equ	3792	;# 
   716   000ED1                     B5SIDH          equ	3793	;# 
   717   000ED2                     B5SIDL          equ	3794	;# 
   718   000ED3                     B5EIDH          equ	3795	;# 
   719   000ED4                     B5EIDL          equ	3796	;# 
   720   000ED5                     B5DLC           equ	3797	;# 
   721   000ED6                     B5D0            equ	3798	;# 
   722   000ED7                     B5D1            equ	3799	;# 
   723   000ED8                     B5D2            equ	3800	;# 
   724   000ED9                     B5D3            equ	3801	;# 
   725   000EDA                     B5D4            equ	3802	;# 
   726   000EDB                     B5D5            equ	3803	;# 
   727   000EDC                     B5D6            equ	3804	;# 
   728   000EDD                     B5D7            equ	3805	;# 
   729   000EDE                     CANSTAT_RO4     equ	3806	;# 
   730   000EDF                     CANCON_RO4      equ	3807	;# 
   731   000EE0                     RXF0SIDH        equ	3808	;# 
   732   000EE1                     RXF0SIDL        equ	3809	;# 
   733   000EE2                     RXF0EIDH        equ	3810	;# 
   734   000EE3                     RXF0EIDL        equ	3811	;# 
   735   000EE4                     RXF1SIDH        equ	3812	;# 
   736   000EE5                     RXF1SIDL        equ	3813	;# 
   737   000EE6                     RXF1EIDH        equ	3814	;# 
   738   000EE7                     RXF1EIDL        equ	3815	;# 
   739   000EE8                     RXF2SIDH        equ	3816	;# 
   740   000EE9                     RXF2SIDL        equ	3817	;# 
   741   000EEA                     RXF2EIDH        equ	3818	;# 
   742   000EEB                     RXF2EIDL        equ	3819	;# 
   743   000EEC                     RXF3SIDH        equ	3820	;# 
   744   000EED                     RXF3SIDL        equ	3821	;# 
   745   000EEE                     RXF3EIDH        equ	3822	;# 
   746   000EEF                     RXF3EIDL        equ	3823	;# 
   747   000EF0                     RXF4SIDH        equ	3824	;# 
   748   000EF1                     RXF4SIDL        equ	3825	;# 
   749   000EF2                     RXF4EIDH        equ	3826	;# 
   750   000EF3                     RXF4EIDL        equ	3827	;# 
   751   000EF4                     RXF5SIDH        equ	3828	;# 
   752   000EF5                     RXF5SIDL        equ	3829	;# 
   753   000EF6                     RXF5EIDH        equ	3830	;# 
   754   000EF7                     RXF5EIDL        equ	3831	;# 
   755   000EF8                     RXM0SIDH        equ	3832	;# 
   756   000EF9                     RXM0SIDL        equ	3833	;# 
   757   000EFA                     RXM0EIDH        equ	3834	;# 
   758   000EFB                     RXM0EIDL        equ	3835	;# 
   759   000EFC                     RXM1SIDH        equ	3836	;# 
   760   000EFD                     RXM1SIDL        equ	3837	;# 
   761   000EFE                     RXM1EIDH        equ	3838	;# 
   762   000EFF                     RXM1EIDL        equ	3839	;# 
   763   000F00                     TXB2CON         equ	3840	;# 
   764   000F01                     TXB2SIDH        equ	3841	;# 
   765   000F02                     TXB2SIDL        equ	3842	;# 
   766   000F03                     TXB2EIDH        equ	3843	;# 
   767   000F04                     TXB2EIDL        equ	3844	;# 
   768   000F05                     TXB2DLC         equ	3845	;# 
   769   000F06                     TXB2D0          equ	3846	;# 
   770   000F07                     TXB2D1          equ	3847	;# 
   771   000F08                     TXB2D2          equ	3848	;# 
   772   000F09                     TXB2D3          equ	3849	;# 
   773   000F0A                     TXB2D4          equ	3850	;# 
   774   000F0B                     TXB2D5          equ	3851	;# 
   775   000F0C                     TXB2D6          equ	3852	;# 
   776   000F0D                     TXB2D7          equ	3853	;# 
   777   000F0E                     CANSTAT_RO3     equ	3854	;# 
   778   000F0F                     CANCON_RO3      equ	3855	;# 
   779   000F10                     TXB1CON         equ	3856	;# 
   780   000F11                     TXB1SIDH        equ	3857	;# 
   781   000F12                     TXB1SIDL        equ	3858	;# 
   782   000F13                     TXB1EIDH        equ	3859	;# 
   783   000F14                     TXB1EIDL        equ	3860	;# 
   784   000F15                     TXB1DLC         equ	3861	;# 
   785   000F16                     TXB1D0          equ	3862	;# 
   786   000F17                     TXB1D1          equ	3863	;# 
   787   000F18                     TXB1D2          equ	3864	;# 
   788   000F19                     TXB1D3          equ	3865	;# 
   789   000F1A                     TXB1D4          equ	3866	;# 
   790   000F1B                     TXB1D5          equ	3867	;# 
   791   000F1C                     TXB1D6          equ	3868	;# 
   792   000F1D                     TXB1D7          equ	3869	;# 
   793   000F1E                     CANSTAT_RO2     equ	3870	;# 
   794   000F1F                     CANCON_RO2      equ	3871	;# 
   795   000F20                     TXB0CON         equ	3872	;# 
   796   000F21                     TXB0SIDH        equ	3873	;# 
   797   000F22                     TXB0SIDL        equ	3874	;# 
   798   000F23                     TXB0EIDH        equ	3875	;# 
   799   000F24                     TXB0EIDL        equ	3876	;# 
   800   000F25                     TXB0DLC         equ	3877	;# 
   801   000F26                     TXB0D0          equ	3878	;# 
   802   000F27                     TXB0D1          equ	3879	;# 
   803   000F28                     TXB0D2          equ	3880	;# 
   804   000F29                     TXB0D3          equ	3881	;# 
   805   000F2A                     TXB0D4          equ	3882	;# 
   806   000F2B                     TXB0D5          equ	3883	;# 
   807   000F2C                     TXB0D6          equ	3884	;# 
   808   000F2D                     TXB0D7          equ	3885	;# 
   809   000F2E                     CANSTAT_RO1     equ	3886	;# 
   810   000F2F                     CANCON_RO1      equ	3887	;# 
   811   000F30                     RXB1CON         equ	3888	;# 
   812   000F31                     RXB1SIDH        equ	3889	;# 
   813   000F32                     RXB1SIDL        equ	3890	;# 
   814   000F33                     RXB1EIDH        equ	3891	;# 
   815   000F34                     RXB1EIDL        equ	3892	;# 
   816   000F35                     RXB1DLC         equ	3893	;# 
   817   000F36                     RXB1D0          equ	3894	;# 
   818   000F37                     RXB1D1          equ	3895	;# 
   819   000F38                     RXB1D2          equ	3896	;# 
   820   000F39                     RXB1D3          equ	3897	;# 
   821   000F3A                     RXB1D4          equ	3898	;# 
   822   000F3B                     RXB1D5          equ	3899	;# 
   823   000F3C                     RXB1D6          equ	3900	;# 
   824   000F3D                     RXB1D7          equ	3901	;# 
   825   000F3E                     CANSTAT_RO0     equ	3902	;# 
   826   000F3F                     CANCON_RO0      equ	3903	;# 
   827   000F46                     PSPCON          equ	3910	;# 
   828   000F47                     CCP5CON         equ	3911	;# 
   829   000F48                     CCPR5           equ	3912	;# 
   830   000F48                     CCPR5L          equ	3912	;# 
   831   000F49                     CCPR5H          equ	3913	;# 
   832   000F4A                     CCP4CON         equ	3914	;# 
   833   000F4B                     CCPR4           equ	3915	;# 
   834   000F4B                     CCPR4L          equ	3915	;# 
   835   000F4C                     CCPR4H          equ	3916	;# 
   836   000F4D                     CCP3CON         equ	3917	;# 
   837   000F4E                     CCPR3           equ	3918	;# 
   838   000F4E                     CCPR3L          equ	3918	;# 
   839   000F4F                     CCPR3H          equ	3919	;# 
   840   000F50                     CCP2CON         equ	3920	;# 
   841   000F50                     ECCP2CON        equ	3920	;# 
   842   000F51                     CCPR2           equ	3921	;# 
   843   000F51                     CCPR2L          equ	3921	;# 
   844   000F52                     CCPR2H          equ	3922	;# 
   845   000F53                     CTMUICON        equ	3923	;# 
   846   000F54                     CTMUCONL        equ	3924	;# 
   847   000F55                     CTMUCONH        equ	3925	;# 
   848   000F56                     PADCFG1         equ	3926	;# 
   849   000F57                     PMD2            equ	3927	;# 
   850   000F58                     PMD1            equ	3928	;# 
   851   000F59                     PMD0            equ	3929	;# 
   852   000F5A                     IOCB            equ	3930	;# 
   853   000F5B                     WPUB            equ	3931	;# 
   854   000F5C                     ANCON1          equ	3932	;# 
   855   000F5D                     ANCON0          equ	3933	;# 
   856   000F5E                     CM2CON          equ	3934	;# 
   857   000F5E                     CM2CON1         equ	3934	;# 
   858   000F5F                     CM1CON          equ	3935	;# 
   859   000F5F                     CM1CON1         equ	3935	;# 
   860   000F60                     RXB0CON         equ	3936	;# 
   861   000F61                     RXB0SIDH        equ	3937	;# 
   862   000F62                     RXB0SIDL        equ	3938	;# 
   863   000F63                     RXB0EIDH        equ	3939	;# 
   864   000F64                     RXB0EIDL        equ	3940	;# 
   865   000F65                     RXB0DLC         equ	3941	;# 
   866   000F66                     RXB0D0          equ	3942	;# 
   867   000F67                     RXB0D1          equ	3943	;# 
   868   000F68                     RXB0D2          equ	3944	;# 
   869   000F69                     RXB0D3          equ	3945	;# 
   870   000F6A                     RXB0D4          equ	3946	;# 
   871   000F6B                     RXB0D5          equ	3947	;# 
   872   000F6C                     RXB0D6          equ	3948	;# 
   873   000F6D                     RXB0D7          equ	3949	;# 
   874   000F6E                     CANSTAT         equ	3950	;# 
   875   000F6F                     CANCON          equ	3951	;# 
   876   000F70                     CIOCON          equ	3952	;# 
   877   000F71                     COMSTAT         equ	3953	;# 
   878   000F72                     ECANCON         equ	3954	;# 
   879   000F73                     EEDATA          equ	3955	;# 
   880   000F74                     EEADR           equ	3956	;# 
   881   000F75                     EEADRH          equ	3957	;# 
   882   000F76                     PIE5            equ	3958	;# 
   883   000F77                     PIR5            equ	3959	;# 
   884   000F78                     IPR5            equ	3960	;# 
   885   000F79                     TXREG2          equ	3961	;# 
   886   000F7A                     RCREG2          equ	3962	;# 
   887   000F7B                     SPBRG2          equ	3963	;# 
   888   000F7C                     SPBRGH2         equ	3964	;# 
   889   000F7D                     SPBRGH1         equ	3965	;# 
   890   000F7E                     EECON2          equ	3966	;# 
   891   000F7F                     EECON1          equ	3967	;# 
   892   000F80                     PORTA           equ	3968	;# 
   893   000F81                     PORTB           equ	3969	;# 
   894   000F82                     PORTC           equ	3970	;# 
   895   000F83                     PORTD           equ	3971	;# 
   896   000F84                     PORTE           equ	3972	;# 
   897   000F87                     TMR4            equ	3975	;# 
   898   000F88                     T4CON           equ	3976	;# 
   899   000F89                     LATA            equ	3977	;# 
   900   000F8A                     LATB            equ	3978	;# 
   901   000F8B                     LATC            equ	3979	;# 
   902   000F8C                     LATD            equ	3980	;# 
   903   000F8D                     LATE            equ	3981	;# 
   904   000F90                     SLRCON          equ	3984	;# 
   905   000F91                     ODCON           equ	3985	;# 
   906   000F92                     TRISA           equ	3986	;# 
   907   000F93                     TRISB           equ	3987	;# 
   908   000F94                     TRISC           equ	3988	;# 
   909   000F95                     TRISD           equ	3989	;# 
   910   000F96                     TRISE           equ	3990	;# 
   911   000F99                     CCPTMRS         equ	3993	;# 
   912   000F9A                     REFOCON         equ	3994	;# 
   913   000F9B                     OSCTUNE         equ	3995	;# 
   914   000F9C                     PSTR1CON        equ	3996	;# 
   915   000F9D                     PIE1            equ	3997	;# 
   916   000F9E                     PIR1            equ	3998	;# 
   917   000F9F                     IPR1            equ	3999	;# 
   918   000FA0                     PIE2            equ	4000	;# 
   919   000FA1                     PIR2            equ	4001	;# 
   920   000FA2                     IPR2            equ	4002	;# 
   921   000FA3                     PIE3            equ	4003	;# 
   922   000FA4                     PIR3            equ	4004	;# 
   923   000FA5                     IPR3            equ	4005	;# 
   924   000FA6                     RCSTA2          equ	4006	;# 
   925   000FA7                     BAUDCON1        equ	4007	;# 
   926   000FA8                     HLVDCON         equ	4008	;# 
   927   000FA9                     PR4             equ	4009	;# 
   928   000FAA                     T1GCON          equ	4010	;# 
   929   000FAB                     RCSTA1          equ	4011	;# 
   930   000FAB                     RCSTA           equ	4011	;# 
   931   000FAC                     TXSTA1          equ	4012	;# 
   932   000FAC                     TXSTA           equ	4012	;# 
   933   000FAD                     TXREG1          equ	4013	;# 
   934   000FAD                     TXREG           equ	4013	;# 
   935   000FAE                     RCREG1          equ	4014	;# 
   936   000FAE                     RCREG           equ	4014	;# 
   937   000FAF                     SPBRG1          equ	4015	;# 
   938   000FAF                     SPBRG           equ	4015	;# 
   939   000FB0                     T3GCON          equ	4016	;# 
   940   000FB1                     T3CON           equ	4017	;# 
   941   000FB2                     TMR3            equ	4018	;# 
   942   000FB2                     TMR3L           equ	4018	;# 
   943   000FB3                     TMR3H           equ	4019	;# 
   944   000FB4                     CMSTAT          equ	4020	;# 
   945   000FB4                     CMSTATUS        equ	4020	;# 
   946   000FB5                     CVRCON          equ	4021	;# 
   947   000FB6                     PIE4            equ	4022	;# 
   948   000FB7                     PIR4            equ	4023	;# 
   949   000FB8                     IPR4            equ	4024	;# 
   950   000FB9                     BAUDCON2        equ	4025	;# 
   951   000FBA                     TXSTA2          equ	4026	;# 
   952   000FBB                     CCP1CON         equ	4027	;# 
   953   000FBB                     ECCP1CON        equ	4027	;# 
   954   000FBC                     CCPR1           equ	4028	;# 
   955   000FBC                     CCPR1L          equ	4028	;# 
   956   000FBD                     CCPR1H          equ	4029	;# 
   957   000FBE                     ECCP1DEL        equ	4030	;# 
   958   000FBE                     PWM1CON         equ	4030	;# 
   959   000FBF                     ECCP1AS         equ	4031	;# 
   960   000FC0                     ADCON2          equ	4032	;# 
   961   000FC1                     ADCON1          equ	4033	;# 
   962   000FC2                     ADCON0          equ	4034	;# 
   963   000FC3                     ADRES           equ	4035	;# 
   964   000FC3                     ADRESL          equ	4035	;# 
   965   000FC4                     ADRESH          equ	4036	;# 
   966   000FC5                     SSPCON2         equ	4037	;# 
   967   000FC6                     SSPCON1         equ	4038	;# 
   968   000FC7                     SSPSTAT         equ	4039	;# 
   969   000FC8                     SSPADD          equ	4040	;# 
   970   000FC9                     SSPBUF          equ	4041	;# 
   971   000FCA                     T2CON           equ	4042	;# 
   972   000FCB                     PR2             equ	4043	;# 
   973   000FCB                     MEMCON          equ	4043	;# 
   974   000FCC                     TMR2            equ	4044	;# 
   975   000FCD                     T1CON           equ	4045	;# 
   976   000FCE                     TMR1            equ	4046	;# 
   977   000FCE                     TMR1L           equ	4046	;# 
   978   000FCF                     TMR1H           equ	4047	;# 
   979   000FD0                     RCON            equ	4048	;# 
   980   000FD1                     WDTCON          equ	4049	;# 
   981   000FD2                     OSCCON2         equ	4050	;# 
   982   000FD3                     OSCCON          equ	4051	;# 
   983   000FD5                     T0CON           equ	4053	;# 
   984   000FD6                     TMR0            equ	4054	;# 
   985   000FD6                     TMR0L           equ	4054	;# 
   986   000FD7                     TMR0H           equ	4055	;# 
   987   000FD8                     STATUS          equ	4056	;# 
   988   000FD9                     FSR2            equ	4057	;# 
   989   000FD9                     FSR2L           equ	4057	;# 
   990   000FDA                     FSR2H           equ	4058	;# 
   991   000FDB                     PLUSW2          equ	4059	;# 
   992   000FDC                     PREINC2         equ	4060	;# 
   993   000FDD                     POSTDEC2        equ	4061	;# 
   994   000FDE                     POSTINC2        equ	4062	;# 
   995   000FDF                     INDF2           equ	4063	;# 
   996   000FE0                     BSR             equ	4064	;# 
   997   000FE1                     FSR1            equ	4065	;# 
   998   000FE1                     FSR1L           equ	4065	;# 
   999   000FE2                     FSR1H           equ	4066	;# 
  1000   000FE3                     PLUSW1          equ	4067	;# 
  1001   000FE4                     PREINC1         equ	4068	;# 
  1002   000FE5                     POSTDEC1        equ	4069	;# 
  1003   000FE6                     POSTINC1        equ	4070	;# 
  1004   000FE7                     INDF1           equ	4071	;# 
  1005   000FE8                     WREG            equ	4072	;# 
  1006   000FE9                     FSR0            equ	4073	;# 
  1007   000FE9                     FSR0L           equ	4073	;# 
  1008   000FEA                     FSR0H           equ	4074	;# 
  1009   000FEB                     PLUSW0          equ	4075	;# 
  1010   000FEC                     PREINC0         equ	4076	;# 
  1011   000FED                     POSTDEC0        equ	4077	;# 
  1012   000FEE                     POSTINC0        equ	4078	;# 
  1013   000FEF                     INDF0           equ	4079	;# 
  1014   000FF0                     INTCON3         equ	4080	;# 
  1015   000FF1                     INTCON2         equ	4081	;# 
  1016   000FF2                     INTCON          equ	4082	;# 
  1017   000FF2                     INTCON1         equ	4082	;# 
  1018   000FF3                     PROD            equ	4083	;# 
  1019   000FF3                     PRODL           equ	4083	;# 
  1020   000FF4                     PRODH           equ	4084	;# 
  1021   000FF5                     TABLAT          equ	4085	;# 
  1022   000FF6                     TBLPTR          equ	4086	;# 
  1023   000FF6                     TBLPTRL         equ	4086	;# 
  1024   000FF7                     TBLPTRH         equ	4087	;# 
  1025   000FF8                     TBLPTRU         equ	4088	;# 
  1026   000FF9                     PCLAT           equ	4089	;# 
  1027   000FF9                     PC              equ	4089	;# 
  1028   000FF9                     PCL             equ	4089	;# 
  1029   000FFA                     PCLATH          equ	4090	;# 
  1030   000FFB                     PCLATU          equ	4091	;# 
  1031   000FFC                     STKPTR          equ	4092	;# 
  1032   000FFD                     TOS             equ	4093	;# 
  1033   000FFD                     TOSL            equ	4093	;# 
  1034   000FFE                     TOSH            equ	4094	;# 
  1035   000FFF                     TOSU            equ	4095	;# 
  1036   000E41                     RXERRCNT        equ	3649	;# 
  1037   000E42                     TXERRCNT        equ	3650	;# 
  1038   000E43                     BRGCON1         equ	3651	;# 
  1039   000E44                     BRGCON2         equ	3652	;# 
  1040   000E45                     BRGCON3         equ	3653	;# 
  1041   000E46                     RXFCON0         equ	3654	;# 
  1042   000E47                     RXFCON1         equ	3655	;# 
  1043   000E48                     RXF6SIDH        equ	3656	;# 
  1044   000E49                     RXF6SIDL        equ	3657	;# 
  1045   000E4A                     RXF6EIDH        equ	3658	;# 
  1046   000E4B                     RXF6EIDL        equ	3659	;# 
  1047   000E4C                     RXF7SIDH        equ	3660	;# 
  1048   000E4D                     RXF7SIDL        equ	3661	;# 
  1049   000E4E                     RXF7EIDH        equ	3662	;# 
  1050   000E4F                     RXF7EIDL        equ	3663	;# 
  1051   000E50                     RXF8SIDH        equ	3664	;# 
  1052   000E51                     RXF8SIDL        equ	3665	;# 
  1053   000E52                     RXF8EIDH        equ	3666	;# 
  1054   000E53                     RXF8EIDL        equ	3667	;# 
  1055   000E54                     RXF9SIDH        equ	3668	;# 
  1056   000E55                     RXF9SIDL        equ	3669	;# 
  1057   000E56                     RXF9EIDH        equ	3670	;# 
  1058   000E57                     RXF9EIDL        equ	3671	;# 
  1059   000E58                     RXF10SIDH       equ	3672	;# 
  1060   000E59                     RXF10SIDL       equ	3673	;# 
  1061   000E5A                     RXF10EIDH       equ	3674	;# 
  1062   000E5B                     RXF10EIDL       equ	3675	;# 
  1063   000E5C                     RXF11SIDH       equ	3676	;# 
  1064   000E5D                     RXF11SIDL       equ	3677	;# 
  1065   000E5E                     RXF11EIDH       equ	3678	;# 
  1066   000E5F                     RXF11EIDL       equ	3679	;# 
  1067   000E60                     RXF12SIDH       equ	3680	;# 
  1068   000E61                     RXF12SIDL       equ	3681	;# 
  1069   000E62                     RXF12EIDH       equ	3682	;# 
  1070   000E63                     RXF12EIDL       equ	3683	;# 
  1071   000E64                     RXF13SIDH       equ	3684	;# 
  1072   000E65                     RXF13SIDL       equ	3685	;# 
  1073   000E66                     RXF13EIDH       equ	3686	;# 
  1074   000E67                     RXF13EIDL       equ	3687	;# 
  1075   000E68                     RXF14SIDH       equ	3688	;# 
  1076   000E69                     RXF14SIDL       equ	3689	;# 
  1077   000E6A                     RXF14EIDH       equ	3690	;# 
  1078   000E6B                     RXF14EIDL       equ	3691	;# 
  1079   000E6C                     RXF15SIDH       equ	3692	;# 
  1080   000E6D                     RXF15SIDL       equ	3693	;# 
  1081   000E6E                     RXF15EIDH       equ	3694	;# 
  1082   000E6F                     RXF15EIDL       equ	3695	;# 
  1083   000E70                     SDFLC           equ	3696	;# 
  1084   000E71                     RXFBCON0        equ	3697	;# 
  1085   000E72                     RXFBCON1        equ	3698	;# 
  1086   000E73                     RXFBCON2        equ	3699	;# 
  1087   000E74                     RXFBCON3        equ	3700	;# 
  1088   000E75                     RXFBCON4        equ	3701	;# 
  1089   000E76                     RXFBCON5        equ	3702	;# 
  1090   000E77                     RXFBCON6        equ	3703	;# 
  1091   000E78                     RXFBCON7        equ	3704	;# 
  1092   000E79                     MSEL0           equ	3705	;# 
  1093   000E7A                     MSEL1           equ	3706	;# 
  1094   000E7B                     MSEL2           equ	3707	;# 
  1095   000E7C                     MSEL3           equ	3708	;# 
  1096   000E7D                     BSEL0           equ	3709	;# 
  1097   000E7E                     BIE0            equ	3710	;# 
  1098   000E7F                     TXBIE           equ	3711	;# 
  1099   000E80                     B0CON           equ	3712	;# 
  1100   000E81                     B0SIDH          equ	3713	;# 
  1101   000E82                     B0SIDL          equ	3714	;# 
  1102   000E83                     B0EIDH          equ	3715	;# 
  1103   000E84                     B0EIDL          equ	3716	;# 
  1104   000E85                     B0DLC           equ	3717	;# 
  1105   000E86                     B0D0            equ	3718	;# 
  1106   000E87                     B0D1            equ	3719	;# 
  1107   000E88                     B0D2            equ	3720	;# 
  1108   000E89                     B0D3            equ	3721	;# 
  1109   000E8A                     B0D4            equ	3722	;# 
  1110   000E8B                     B0D5            equ	3723	;# 
  1111   000E8C                     B0D6            equ	3724	;# 
  1112   000E8D                     B0D7            equ	3725	;# 
  1113   000E8E                     CANSTAT_RO9     equ	3726	;# 
  1114   000E8F                     CANCON_RO9      equ	3727	;# 
  1115   000E90                     B1CON           equ	3728	;# 
  1116   000E91                     B1SIDH          equ	3729	;# 
  1117   000E92                     B1SIDL          equ	3730	;# 
  1118   000E93                     B1EIDH          equ	3731	;# 
  1119   000E94                     B1EIDL          equ	3732	;# 
  1120   000E95                     B1DLC           equ	3733	;# 
  1121   000E96                     B1D0            equ	3734	;# 
  1122   000E97                     B1D1            equ	3735	;# 
  1123   000E98                     B1D2            equ	3736	;# 
  1124   000E99                     B1D3            equ	3737	;# 
  1125   000E9A                     B1D4            equ	3738	;# 
  1126   000E9B                     B1D5            equ	3739	;# 
  1127   000E9C                     B1D6            equ	3740	;# 
  1128   000E9D                     B1D7            equ	3741	;# 
  1129   000E9E                     CANSTAT_RO8     equ	3742	;# 
  1130   000E9F                     CANCON_RO8      equ	3743	;# 
  1131   000EA0                     B2CON           equ	3744	;# 
  1132   000EA1                     B2SIDH          equ	3745	;# 
  1133   000EA2                     B2SIDL          equ	3746	;# 
  1134   000EA3                     B2EIDH          equ	3747	;# 
  1135   000EA4                     B2EIDL          equ	3748	;# 
  1136   000EA5                     B2DLC           equ	3749	;# 
  1137   000EA6                     B2D0            equ	3750	;# 
  1138   000EA7                     B2D1            equ	3751	;# 
  1139   000EA8                     B2D2            equ	3752	;# 
  1140   000EA9                     B2D3            equ	3753	;# 
  1141   000EAA                     B2D4            equ	3754	;# 
  1142   000EAB                     B2D5            equ	3755	;# 
  1143   000EAC                     B2D6            equ	3756	;# 
  1144   000EAD                     B2D7            equ	3757	;# 
  1145   000EAE                     CANSTAT_RO7     equ	3758	;# 
  1146   000EAF                     CANCON_RO7      equ	3759	;# 
  1147   000EB0                     B3CON           equ	3760	;# 
  1148   000EB1                     B3SIDH          equ	3761	;# 
  1149   000EB2                     B3SIDL          equ	3762	;# 
  1150   000EB3                     B3EIDH          equ	3763	;# 
  1151   000EB4                     B3EIDL          equ	3764	;# 
  1152   000EB5                     B3DLC           equ	3765	;# 
  1153   000EB6                     B3D0            equ	3766	;# 
  1154   000EB7                     B3D1            equ	3767	;# 
  1155   000EB8                     B3D2            equ	3768	;# 
  1156   000EB9                     B3D3            equ	3769	;# 
  1157   000EBA                     B3D4            equ	3770	;# 
  1158   000EBB                     B3D5            equ	3771	;# 
  1159   000EBC                     B3D6            equ	3772	;# 
  1160   000EBD                     B3D7            equ	3773	;# 
  1161   000EBE                     CANSTAT_RO6     equ	3774	;# 
  1162   000EBF                     CANCON_RO6      equ	3775	;# 
  1163   000EC0                     B4CON           equ	3776	;# 
  1164   000EC1                     B4SIDH          equ	3777	;# 
  1165   000EC2                     B4SIDL          equ	3778	;# 
  1166   000EC3                     B4EIDH          equ	3779	;# 
  1167   000EC4                     B4EIDL          equ	3780	;# 
  1168   000EC5                     B4DLC           equ	3781	;# 
  1169   000EC6                     B4D0            equ	3782	;# 
  1170   000EC7                     B4D1            equ	3783	;# 
  1171   000EC8                     B4D2            equ	3784	;# 
  1172   000EC9                     B4D3            equ	3785	;# 
  1173   000ECA                     B4D4            equ	3786	;# 
  1174   000ECB                     B4D5            equ	3787	;# 
  1175   000ECC                     B4D6            equ	3788	;# 
  1176   000ECD                     B4D7            equ	3789	;# 
  1177   000ECE                     CANSTAT_RO5     equ	3790	;# 
  1178   000ECF                     CANCON_RO5      equ	3791	;# 
  1179   000ED0                     B5CON           equ	3792	;# 
  1180   000ED1                     B5SIDH          equ	3793	;# 
  1181   000ED2                     B5SIDL          equ	3794	;# 
  1182   000ED3                     B5EIDH          equ	3795	;# 
  1183   000ED4                     B5EIDL          equ	3796	;# 
  1184   000ED5                     B5DLC           equ	3797	;# 
  1185   000ED6                     B5D0            equ	3798	;# 
  1186   000ED7                     B5D1            equ	3799	;# 
  1187   000ED8                     B5D2            equ	3800	;# 
  1188   000ED9                     B5D3            equ	3801	;# 
  1189   000EDA                     B5D4            equ	3802	;# 
  1190   000EDB                     B5D5            equ	3803	;# 
  1191   000EDC                     B5D6            equ	3804	;# 
  1192   000EDD                     B5D7            equ	3805	;# 
  1193   000EDE                     CANSTAT_RO4     equ	3806	;# 
  1194   000EDF                     CANCON_RO4      equ	3807	;# 
  1195   000EE0                     RXF0SIDH        equ	3808	;# 
  1196   000EE1                     RXF0SIDL        equ	3809	;# 
  1197   000EE2                     RXF0EIDH        equ	3810	;# 
  1198   000EE3                     RXF0EIDL        equ	3811	;# 
  1199   000EE4                     RXF1SIDH        equ	3812	;# 
  1200   000EE5                     RXF1SIDL        equ	3813	;# 
  1201   000EE6                     RXF1EIDH        equ	3814	;# 
  1202   000EE7                     RXF1EIDL        equ	3815	;# 
  1203   000EE8                     RXF2SIDH        equ	3816	;# 
  1204   000EE9                     RXF2SIDL        equ	3817	;# 
  1205   000EEA                     RXF2EIDH        equ	3818	;# 
  1206   000EEB                     RXF2EIDL        equ	3819	;# 
  1207   000EEC                     RXF3SIDH        equ	3820	;# 
  1208   000EED                     RXF3SIDL        equ	3821	;# 
  1209   000EEE                     RXF3EIDH        equ	3822	;# 
  1210   000EEF                     RXF3EIDL        equ	3823	;# 
  1211   000EF0                     RXF4SIDH        equ	3824	;# 
  1212   000EF1                     RXF4SIDL        equ	3825	;# 
  1213   000EF2                     RXF4EIDH        equ	3826	;# 
  1214   000EF3                     RXF4EIDL        equ	3827	;# 
  1215   000EF4                     RXF5SIDH        equ	3828	;# 
  1216   000EF5                     RXF5SIDL        equ	3829	;# 
  1217   000EF6                     RXF5EIDH        equ	3830	;# 
  1218   000EF7                     RXF5EIDL        equ	3831	;# 
  1219   000EF8                     RXM0SIDH        equ	3832	;# 
  1220   000EF9                     RXM0SIDL        equ	3833	;# 
  1221   000EFA                     RXM0EIDH        equ	3834	;# 
  1222   000EFB                     RXM0EIDL        equ	3835	;# 
  1223   000EFC                     RXM1SIDH        equ	3836	;# 
  1224   000EFD                     RXM1SIDL        equ	3837	;# 
  1225   000EFE                     RXM1EIDH        equ	3838	;# 
  1226   000EFF                     RXM1EIDL        equ	3839	;# 
  1227   000F00                     TXB2CON         equ	3840	;# 
  1228   000F01                     TXB2SIDH        equ	3841	;# 
  1229   000F02                     TXB2SIDL        equ	3842	;# 
  1230   000F03                     TXB2EIDH        equ	3843	;# 
  1231   000F04                     TXB2EIDL        equ	3844	;# 
  1232   000F05                     TXB2DLC         equ	3845	;# 
  1233   000F06                     TXB2D0          equ	3846	;# 
  1234   000F07                     TXB2D1          equ	3847	;# 
  1235   000F08                     TXB2D2          equ	3848	;# 
  1236   000F09                     TXB2D3          equ	3849	;# 
  1237   000F0A                     TXB2D4          equ	3850	;# 
  1238   000F0B                     TXB2D5          equ	3851	;# 
  1239   000F0C                     TXB2D6          equ	3852	;# 
  1240   000F0D                     TXB2D7          equ	3853	;# 
  1241   000F0E                     CANSTAT_RO3     equ	3854	;# 
  1242   000F0F                     CANCON_RO3      equ	3855	;# 
  1243   000F10                     TXB1CON         equ	3856	;# 
  1244   000F11                     TXB1SIDH        equ	3857	;# 
  1245   000F12                     TXB1SIDL        equ	3858	;# 
  1246   000F13                     TXB1EIDH        equ	3859	;# 
  1247   000F14                     TXB1EIDL        equ	3860	;# 
  1248   000F15                     TXB1DLC         equ	3861	;# 
  1249   000F16                     TXB1D0          equ	3862	;# 
  1250   000F17                     TXB1D1          equ	3863	;# 
  1251   000F18                     TXB1D2          equ	3864	;# 
  1252   000F19                     TXB1D3          equ	3865	;# 
  1253   000F1A                     TXB1D4          equ	3866	;# 
  1254   000F1B                     TXB1D5          equ	3867	;# 
  1255   000F1C                     TXB1D6          equ	3868	;# 
  1256   000F1D                     TXB1D7          equ	3869	;# 
  1257   000F1E                     CANSTAT_RO2     equ	3870	;# 
  1258   000F1F                     CANCON_RO2      equ	3871	;# 
  1259   000F20                     TXB0CON         equ	3872	;# 
  1260   000F21                     TXB0SIDH        equ	3873	;# 
  1261   000F22                     TXB0SIDL        equ	3874	;# 
  1262   000F23                     TXB0EIDH        equ	3875	;# 
  1263   000F24                     TXB0EIDL        equ	3876	;# 
  1264   000F25                     TXB0DLC         equ	3877	;# 
  1265   000F26                     TXB0D0          equ	3878	;# 
  1266   000F27                     TXB0D1          equ	3879	;# 
  1267   000F28                     TXB0D2          equ	3880	;# 
  1268   000F29                     TXB0D3          equ	3881	;# 
  1269   000F2A                     TXB0D4          equ	3882	;# 
  1270   000F2B                     TXB0D5          equ	3883	;# 
  1271   000F2C                     TXB0D6          equ	3884	;# 
  1272   000F2D                     TXB0D7          equ	3885	;# 
  1273   000F2E                     CANSTAT_RO1     equ	3886	;# 
  1274   000F2F                     CANCON_RO1      equ	3887	;# 
  1275   000F30                     RXB1CON         equ	3888	;# 
  1276   000F31                     RXB1SIDH        equ	3889	;# 
  1277   000F32                     RXB1SIDL        equ	3890	;# 
  1278   000F33                     RXB1EIDH        equ	3891	;# 
  1279   000F34                     RXB1EIDL        equ	3892	;# 
  1280   000F35                     RXB1DLC         equ	3893	;# 
  1281   000F36                     RXB1D0          equ	3894	;# 
  1282   000F37                     RXB1D1          equ	3895	;# 
  1283   000F38                     RXB1D2          equ	3896	;# 
  1284   000F39                     RXB1D3          equ	3897	;# 
  1285   000F3A                     RXB1D4          equ	3898	;# 
  1286   000F3B                     RXB1D5          equ	3899	;# 
  1287   000F3C                     RXB1D6          equ	3900	;# 
  1288   000F3D                     RXB1D7          equ	3901	;# 
  1289   000F3E                     CANSTAT_RO0     equ	3902	;# 
  1290   000F3F                     CANCON_RO0      equ	3903	;# 
  1291   000F46                     PSPCON          equ	3910	;# 
  1292   000F47                     CCP5CON         equ	3911	;# 
  1293   000F48                     CCPR5           equ	3912	;# 
  1294   000F48                     CCPR5L          equ	3912	;# 
  1295   000F49                     CCPR5H          equ	3913	;# 
  1296   000F4A                     CCP4CON         equ	3914	;# 
  1297   000F4B                     CCPR4           equ	3915	;# 
  1298   000F4B                     CCPR4L          equ	3915	;# 
  1299   000F4C                     CCPR4H          equ	3916	;# 
  1300   000F4D                     CCP3CON         equ	3917	;# 
  1301   000F4E                     CCPR3           equ	3918	;# 
  1302   000F4E                     CCPR3L          equ	3918	;# 
  1303   000F4F                     CCPR3H          equ	3919	;# 
  1304   000F50                     CCP2CON         equ	3920	;# 
  1305   000F50                     ECCP2CON        equ	3920	;# 
  1306   000F51                     CCPR2           equ	3921	;# 
  1307   000F51                     CCPR2L          equ	3921	;# 
  1308   000F52                     CCPR2H          equ	3922	;# 
  1309   000F53                     CTMUICON        equ	3923	;# 
  1310   000F54                     CTMUCONL        equ	3924	;# 
  1311   000F55                     CTMUCONH        equ	3925	;# 
  1312   000F56                     PADCFG1         equ	3926	;# 
  1313   000F57                     PMD2            equ	3927	;# 
  1314   000F58                     PMD1            equ	3928	;# 
  1315   000F59                     PMD0            equ	3929	;# 
  1316   000F5A                     IOCB            equ	3930	;# 
  1317   000F5B                     WPUB            equ	3931	;# 
  1318   000F5C                     ANCON1          equ	3932	;# 
  1319   000F5D                     ANCON0          equ	3933	;# 
  1320   000F5E                     CM2CON          equ	3934	;# 
  1321   000F5E                     CM2CON1         equ	3934	;# 
  1322   000F5F                     CM1CON          equ	3935	;# 
  1323   000F5F                     CM1CON1         equ	3935	;# 
  1324   000F60                     RXB0CON         equ	3936	;# 
  1325   000F61                     RXB0SIDH        equ	3937	;# 
  1326   000F62                     RXB0SIDL        equ	3938	;# 
  1327   000F63                     RXB0EIDH        equ	3939	;# 
  1328   000F64                     RXB0EIDL        equ	3940	;# 
  1329   000F65                     RXB0DLC         equ	3941	;# 
  1330   000F66                     RXB0D0          equ	3942	;# 
  1331   000F67                     RXB0D1          equ	3943	;# 
  1332   000F68                     RXB0D2          equ	3944	;# 
  1333   000F69                     RXB0D3          equ	3945	;# 
  1334   000F6A                     RXB0D4          equ	3946	;# 
  1335   000F6B                     RXB0D5          equ	3947	;# 
  1336   000F6C                     RXB0D6          equ	3948	;# 
  1337   000F6D                     RXB0D7          equ	3949	;# 
  1338   000F6E                     CANSTAT         equ	3950	;# 
  1339   000F6F                     CANCON          equ	3951	;# 
  1340   000F70                     CIOCON          equ	3952	;# 
  1341   000F71                     COMSTAT         equ	3953	;# 
  1342   000F72                     ECANCON         equ	3954	;# 
  1343   000F73                     EEDATA          equ	3955	;# 
  1344   000F74                     EEADR           equ	3956	;# 
  1345   000F75                     EEADRH          equ	3957	;# 
  1346   000F76                     PIE5            equ	3958	;# 
  1347   000F77                     PIR5            equ	3959	;# 
  1348   000F78                     IPR5            equ	3960	;# 
  1349   000F79                     TXREG2          equ	3961	;# 
  1350   000F7A                     RCREG2          equ	3962	;# 
  1351   000F7B                     SPBRG2          equ	3963	;# 
  1352   000F7C                     SPBRGH2         equ	3964	;# 
  1353   000F7D                     SPBRGH1         equ	3965	;# 
  1354   000F7E                     EECON2          equ	3966	;# 
  1355   000F7F                     EECON1          equ	3967	;# 
  1356   000F80                     PORTA           equ	3968	;# 
  1357   000F81                     PORTB           equ	3969	;# 
  1358   000F82                     PORTC           equ	3970	;# 
  1359   000F83                     PORTD           equ	3971	;# 
  1360   000F84                     PORTE           equ	3972	;# 
  1361   000F87                     TMR4            equ	3975	;# 
  1362   000F88                     T4CON           equ	3976	;# 
  1363   000F89                     LATA            equ	3977	;# 
  1364   000F8A                     LATB            equ	3978	;# 
  1365   000F8B                     LATC            equ	3979	;# 
  1366   000F8C                     LATD            equ	3980	;# 
  1367   000F8D                     LATE            equ	3981	;# 
  1368   000F90                     SLRCON          equ	3984	;# 
  1369   000F91                     ODCON           equ	3985	;# 
  1370   000F92                     TRISA           equ	3986	;# 
  1371   000F93                     TRISB           equ	3987	;# 
  1372   000F94                     TRISC           equ	3988	;# 
  1373   000F95                     TRISD           equ	3989	;# 
  1374   000F96                     TRISE           equ	3990	;# 
  1375   000F99                     CCPTMRS         equ	3993	;# 
  1376   000F9A                     REFOCON         equ	3994	;# 
  1377   000F9B                     OSCTUNE         equ	3995	;# 
  1378   000F9C                     PSTR1CON        equ	3996	;# 
  1379   000F9D                     PIE1            equ	3997	;# 
  1380   000F9E                     PIR1            equ	3998	;# 
  1381   000F9F                     IPR1            equ	3999	;# 
  1382   000FA0                     PIE2            equ	4000	;# 
  1383   000FA1                     PIR2            equ	4001	;# 
  1384   000FA2                     IPR2            equ	4002	;# 
  1385   000FA3                     PIE3            equ	4003	;# 
  1386   000FA4                     PIR3            equ	4004	;# 
  1387   000FA5                     IPR3            equ	4005	;# 
  1388   000FA6                     RCSTA2          equ	4006	;# 
  1389   000FA7                     BAUDCON1        equ	4007	;# 
  1390   000FA8                     HLVDCON         equ	4008	;# 
  1391   000FA9                     PR4             equ	4009	;# 
  1392   000FAA                     T1GCON          equ	4010	;# 
  1393   000FAB                     RCSTA1          equ	4011	;# 
  1394   000FAB                     RCSTA           equ	4011	;# 
  1395   000FAC                     TXSTA1          equ	4012	;# 
  1396   000FAC                     TXSTA           equ	4012	;# 
  1397   000FAD                     TXREG1          equ	4013	;# 
  1398   000FAD                     TXREG           equ	4013	;# 
  1399   000FAE                     RCREG1          equ	4014	;# 
  1400   000FAE                     RCREG           equ	4014	;# 
  1401   000FAF                     SPBRG1          equ	4015	;# 
  1402   000FAF                     SPBRG           equ	4015	;# 
  1403   000FB0                     T3GCON          equ	4016	;# 
  1404   000FB1                     T3CON           equ	4017	;# 
  1405   000FB2                     TMR3            equ	4018	;# 
  1406   000FB2                     TMR3L           equ	4018	;# 
  1407   000FB3                     TMR3H           equ	4019	;# 
  1408   000FB4                     CMSTAT          equ	4020	;# 
  1409   000FB4                     CMSTATUS        equ	4020	;# 
  1410   000FB5                     CVRCON          equ	4021	;# 
  1411   000FB6                     PIE4            equ	4022	;# 
  1412   000FB7                     PIR4            equ	4023	;# 
  1413   000FB8                     IPR4            equ	4024	;# 
  1414   000FB9                     BAUDCON2        equ	4025	;# 
  1415   000FBA                     TXSTA2          equ	4026	;# 
  1416   000FBB                     CCP1CON         equ	4027	;# 
  1417   000FBB                     ECCP1CON        equ	4027	;# 
  1418   000FBC                     CCPR1           equ	4028	;# 
  1419   000FBC                     CCPR1L          equ	4028	;# 
  1420   000FBD                     CCPR1H          equ	4029	;# 
  1421   000FBE                     ECCP1DEL        equ	4030	;# 
  1422   000FBE                     PWM1CON         equ	4030	;# 
  1423   000FBF                     ECCP1AS         equ	4031	;# 
  1424   000FC0                     ADCON2          equ	4032	;# 
  1425   000FC1                     ADCON1          equ	4033	;# 
  1426   000FC2                     ADCON0          equ	4034	;# 
  1427   000FC3                     ADRES           equ	4035	;# 
  1428   000FC3                     ADRESL          equ	4035	;# 
  1429   000FC4                     ADRESH          equ	4036	;# 
  1430   000FC5                     SSPCON2         equ	4037	;# 
  1431   000FC6                     SSPCON1         equ	4038	;# 
  1432   000FC7                     SSPSTAT         equ	4039	;# 
  1433   000FC8                     SSPADD          equ	4040	;# 
  1434   000FC9                     SSPBUF          equ	4041	;# 
  1435   000FCA                     T2CON           equ	4042	;# 
  1436   000FCB                     PR2             equ	4043	;# 
  1437   000FCB                     MEMCON          equ	4043	;# 
  1438   000FCC                     TMR2            equ	4044	;# 
  1439   000FCD                     T1CON           equ	4045	;# 
  1440   000FCE                     TMR1            equ	4046	;# 
  1441   000FCE                     TMR1L           equ	4046	;# 
  1442   000FCF                     TMR1H           equ	4047	;# 
  1443   000FD0                     RCON            equ	4048	;# 
  1444   000FD1                     WDTCON          equ	4049	;# 
  1445   000FD2                     OSCCON2         equ	4050	;# 
  1446   000FD3                     OSCCON          equ	4051	;# 
  1447   000FD5                     T0CON           equ	4053	;# 
  1448   000FD6                     TMR0            equ	4054	;# 
  1449   000FD6                     TMR0L           equ	4054	;# 
  1450   000FD7                     TMR0H           equ	4055	;# 
  1451   000FD8                     STATUS          equ	4056	;# 
  1452   000FD9                     FSR2            equ	4057	;# 
  1453   000FD9                     FSR2L           equ	4057	;# 
  1454   000FDA                     FSR2H           equ	4058	;# 
  1455   000FDB                     PLUSW2          equ	4059	;# 
  1456   000FDC                     PREINC2         equ	4060	;# 
  1457   000FDD                     POSTDEC2        equ	4061	;# 
  1458   000FDE                     POSTINC2        equ	4062	;# 
  1459   000FDF                     INDF2           equ	4063	;# 
  1460   000FE0                     BSR             equ	4064	;# 
  1461   000FE1                     FSR1            equ	4065	;# 
  1462   000FE1                     FSR1L           equ	4065	;# 
  1463   000FE2                     FSR1H           equ	4066	;# 
  1464   000FE3                     PLUSW1          equ	4067	;# 
  1465   000FE4                     PREINC1         equ	4068	;# 
  1466   000FE5                     POSTDEC1        equ	4069	;# 
  1467   000FE6                     POSTINC1        equ	4070	;# 
  1468   000FE7                     INDF1           equ	4071	;# 
  1469   000FE8                     WREG            equ	4072	;# 
  1470   000FE9                     FSR0            equ	4073	;# 
  1471   000FE9                     FSR0L           equ	4073	;# 
  1472   000FEA                     FSR0H           equ	4074	;# 
  1473   000FEB                     PLUSW0          equ	4075	;# 
  1474   000FEC                     PREINC0         equ	4076	;# 
  1475   000FED                     POSTDEC0        equ	4077	;# 
  1476   000FEE                     POSTINC0        equ	4078	;# 
  1477   000FEF                     INDF0           equ	4079	;# 
  1478   000FF0                     INTCON3         equ	4080	;# 
  1479   000FF1                     INTCON2         equ	4081	;# 
  1480   000FF2                     INTCON          equ	4082	;# 
  1481   000FF2                     INTCON1         equ	4082	;# 
  1482   000FF3                     PROD            equ	4083	;# 
  1483   000FF3                     PRODL           equ	4083	;# 
  1484   000FF4                     PRODH           equ	4084	;# 
  1485   000FF5                     TABLAT          equ	4085	;# 
  1486   000FF6                     TBLPTR          equ	4086	;# 
  1487   000FF6                     TBLPTRL         equ	4086	;# 
  1488   000FF7                     TBLPTRH         equ	4087	;# 
  1489   000FF8                     TBLPTRU         equ	4088	;# 
  1490   000FF9                     PCLAT           equ	4089	;# 
  1491   000FF9                     PC              equ	4089	;# 
  1492   000FF9                     PCL             equ	4089	;# 
  1493   000FFA                     PCLATH          equ	4090	;# 
  1494   000FFB                     PCLATU          equ	4091	;# 
  1495   000FFC                     STKPTR          equ	4092	;# 
  1496   000FFD                     TOS             equ	4093	;# 
  1497   000FFD                     TOSL            equ	4093	;# 
  1498   000FFE                     TOSH            equ	4094	;# 
  1499   000FFF                     TOSU            equ	4095	;# 
  1500   000E41                     RXERRCNT        equ	3649	;# 
  1501   000E42                     TXERRCNT        equ	3650	;# 
  1502   000E43                     BRGCON1         equ	3651	;# 
  1503   000E44                     BRGCON2         equ	3652	;# 
  1504   000E45                     BRGCON3         equ	3653	;# 
  1505   000E46                     RXFCON0         equ	3654	;# 
  1506   000E47                     RXFCON1         equ	3655	;# 
  1507   000E48                     RXF6SIDH        equ	3656	;# 
  1508   000E49                     RXF6SIDL        equ	3657	;# 
  1509   000E4A                     RXF6EIDH        equ	3658	;# 
  1510   000E4B                     RXF6EIDL        equ	3659	;# 
  1511   000E4C                     RXF7SIDH        equ	3660	;# 
  1512   000E4D                     RXF7SIDL        equ	3661	;# 
  1513   000E4E                     RXF7EIDH        equ	3662	;# 
  1514   000E4F                     RXF7EIDL        equ	3663	;# 
  1515   000E50                     RXF8SIDH        equ	3664	;# 
  1516   000E51                     RXF8SIDL        equ	3665	;# 
  1517   000E52                     RXF8EIDH        equ	3666	;# 
  1518   000E53                     RXF8EIDL        equ	3667	;# 
  1519   000E54                     RXF9SIDH        equ	3668	;# 
  1520   000E55                     RXF9SIDL        equ	3669	;# 
  1521   000E56                     RXF9EIDH        equ	3670	;# 
  1522   000E57                     RXF9EIDL        equ	3671	;# 
  1523   000E58                     RXF10SIDH       equ	3672	;# 
  1524   000E59                     RXF10SIDL       equ	3673	;# 
  1525   000E5A                     RXF10EIDH       equ	3674	;# 
  1526   000E5B                     RXF10EIDL       equ	3675	;# 
  1527   000E5C                     RXF11SIDH       equ	3676	;# 
  1528   000E5D                     RXF11SIDL       equ	3677	;# 
  1529   000E5E                     RXF11EIDH       equ	3678	;# 
  1530   000E5F                     RXF11EIDL       equ	3679	;# 
  1531   000E60                     RXF12SIDH       equ	3680	;# 
  1532   000E61                     RXF12SIDL       equ	3681	;# 
  1533   000E62                     RXF12EIDH       equ	3682	;# 
  1534   000E63                     RXF12EIDL       equ	3683	;# 
  1535   000E64                     RXF13SIDH       equ	3684	;# 
  1536   000E65                     RXF13SIDL       equ	3685	;# 
  1537   000E66                     RXF13EIDH       equ	3686	;# 
  1538   000E67                     RXF13EIDL       equ	3687	;# 
  1539   000E68                     RXF14SIDH       equ	3688	;# 
  1540   000E69                     RXF14SIDL       equ	3689	;# 
  1541   000E6A                     RXF14EIDH       equ	3690	;# 
  1542   000E6B                     RXF14EIDL       equ	3691	;# 
  1543   000E6C                     RXF15SIDH       equ	3692	;# 
  1544   000E6D                     RXF15SIDL       equ	3693	;# 
  1545   000E6E                     RXF15EIDH       equ	3694	;# 
  1546   000E6F                     RXF15EIDL       equ	3695	;# 
  1547   000E70                     SDFLC           equ	3696	;# 
  1548   000E71                     RXFBCON0        equ	3697	;# 
  1549   000E72                     RXFBCON1        equ	3698	;# 
  1550   000E73                     RXFBCON2        equ	3699	;# 
  1551   000E74                     RXFBCON3        equ	3700	;# 
  1552   000E75                     RXFBCON4        equ	3701	;# 
  1553   000E76                     RXFBCON5        equ	3702	;# 
  1554   000E77                     RXFBCON6        equ	3703	;# 
  1555   000E78                     RXFBCON7        equ	3704	;# 
  1556   000E79                     MSEL0           equ	3705	;# 
  1557   000E7A                     MSEL1           equ	3706	;# 
  1558   000E7B                     MSEL2           equ	3707	;# 
  1559   000E7C                     MSEL3           equ	3708	;# 
  1560   000E7D                     BSEL0           equ	3709	;# 
  1561   000E7E                     BIE0            equ	3710	;# 
  1562   000E7F                     TXBIE           equ	3711	;# 
  1563   000E80                     B0CON           equ	3712	;# 
  1564   000E81                     B0SIDH          equ	3713	;# 
  1565   000E82                     B0SIDL          equ	3714	;# 
  1566   000E83                     B0EIDH          equ	3715	;# 
  1567   000E84                     B0EIDL          equ	3716	;# 
  1568   000E85                     B0DLC           equ	3717	;# 
  1569   000E86                     B0D0            equ	3718	;# 
  1570   000E87                     B0D1            equ	3719	;# 
  1571   000E88                     B0D2            equ	3720	;# 
  1572   000E89                     B0D3            equ	3721	;# 
  1573   000E8A                     B0D4            equ	3722	;# 
  1574   000E8B                     B0D5            equ	3723	;# 
  1575   000E8C                     B0D6            equ	3724	;# 
  1576   000E8D                     B0D7            equ	3725	;# 
  1577   000E8E                     CANSTAT_RO9     equ	3726	;# 
  1578   000E8F                     CANCON_RO9      equ	3727	;# 
  1579   000E90                     B1CON           equ	3728	;# 
  1580   000E91                     B1SIDH          equ	3729	;# 
  1581   000E92                     B1SIDL          equ	3730	;# 
  1582   000E93                     B1EIDH          equ	3731	;# 
  1583   000E94                     B1EIDL          equ	3732	;# 
  1584   000E95                     B1DLC           equ	3733	;# 
  1585   000E96                     B1D0            equ	3734	;# 
  1586   000E97                     B1D1            equ	3735	;# 
  1587   000E98                     B1D2            equ	3736	;# 
  1588   000E99                     B1D3            equ	3737	;# 
  1589   000E9A                     B1D4            equ	3738	;# 
  1590   000E9B                     B1D5            equ	3739	;# 
  1591   000E9C                     B1D6            equ	3740	;# 
  1592   000E9D                     B1D7            equ	3741	;# 
  1593   000E9E                     CANSTAT_RO8     equ	3742	;# 
  1594   000E9F                     CANCON_RO8      equ	3743	;# 
  1595   000EA0                     B2CON           equ	3744	;# 
  1596   000EA1                     B2SIDH          equ	3745	;# 
  1597   000EA2                     B2SIDL          equ	3746	;# 
  1598   000EA3                     B2EIDH          equ	3747	;# 
  1599   000EA4                     B2EIDL          equ	3748	;# 
  1600   000EA5                     B2DLC           equ	3749	;# 
  1601   000EA6                     B2D0            equ	3750	;# 
  1602   000EA7                     B2D1            equ	3751	;# 
  1603   000EA8                     B2D2            equ	3752	;# 
  1604   000EA9                     B2D3            equ	3753	;# 
  1605   000EAA                     B2D4            equ	3754	;# 
  1606   000EAB                     B2D5            equ	3755	;# 
  1607   000EAC                     B2D6            equ	3756	;# 
  1608   000EAD                     B2D7            equ	3757	;# 
  1609   000EAE                     CANSTAT_RO7     equ	3758	;# 
  1610   000EAF                     CANCON_RO7      equ	3759	;# 
  1611   000EB0                     B3CON           equ	3760	;# 
  1612   000EB1                     B3SIDH          equ	3761	;# 
  1613   000EB2                     B3SIDL          equ	3762	;# 
  1614   000EB3                     B3EIDH          equ	3763	;# 
  1615   000EB4                     B3EIDL          equ	3764	;# 
  1616   000EB5                     B3DLC           equ	3765	;# 
  1617   000EB6                     B3D0            equ	3766	;# 
  1618   000EB7                     B3D1            equ	3767	;# 
  1619   000EB8                     B3D2            equ	3768	;# 
  1620   000EB9                     B3D3            equ	3769	;# 
  1621   000EBA                     B3D4            equ	3770	;# 
  1622   000EBB                     B3D5            equ	3771	;# 
  1623   000EBC                     B3D6            equ	3772	;# 
  1624   000EBD                     B3D7            equ	3773	;# 
  1625   000EBE                     CANSTAT_RO6     equ	3774	;# 
  1626   000EBF                     CANCON_RO6      equ	3775	;# 
  1627   000EC0                     B4CON           equ	3776	;# 
  1628   000EC1                     B4SIDH          equ	3777	;# 
  1629   000EC2                     B4SIDL          equ	3778	;# 
  1630   000EC3                     B4EIDH          equ	3779	;# 
  1631   000EC4                     B4EIDL          equ	3780	;# 
  1632   000EC5                     B4DLC           equ	3781	;# 
  1633   000EC6                     B4D0            equ	3782	;# 
  1634   000EC7                     B4D1            equ	3783	;# 
  1635   000EC8                     B4D2            equ	3784	;# 
  1636   000EC9                     B4D3            equ	3785	;# 
  1637   000ECA                     B4D4            equ	3786	;# 
  1638   000ECB                     B4D5            equ	3787	;# 
  1639   000ECC                     B4D6            equ	3788	;# 
  1640   000ECD                     B4D7            equ	3789	;# 
  1641   000ECE                     CANSTAT_RO5     equ	3790	;# 
  1642   000ECF                     CANCON_RO5      equ	3791	;# 
  1643   000ED0                     B5CON           equ	3792	;# 
  1644   000ED1                     B5SIDH          equ	3793	;# 
  1645   000ED2                     B5SIDL          equ	3794	;# 
  1646   000ED3                     B5EIDH          equ	3795	;# 
  1647   000ED4                     B5EIDL          equ	3796	;# 
  1648   000ED5                     B5DLC           equ	3797	;# 
  1649   000ED6                     B5D0            equ	3798	;# 
  1650   000ED7                     B5D1            equ	3799	;# 
  1651   000ED8                     B5D2            equ	3800	;# 
  1652   000ED9                     B5D3            equ	3801	;# 
  1653   000EDA                     B5D4            equ	3802	;# 
  1654   000EDB                     B5D5            equ	3803	;# 
  1655   000EDC                     B5D6            equ	3804	;# 
  1656   000EDD                     B5D7            equ	3805	;# 
  1657   000EDE                     CANSTAT_RO4     equ	3806	;# 
  1658   000EDF                     CANCON_RO4      equ	3807	;# 
  1659   000EE0                     RXF0SIDH        equ	3808	;# 
  1660   000EE1                     RXF0SIDL        equ	3809	;# 
  1661   000EE2                     RXF0EIDH        equ	3810	;# 
  1662   000EE3                     RXF0EIDL        equ	3811	;# 
  1663   000EE4                     RXF1SIDH        equ	3812	;# 
  1664   000EE5                     RXF1SIDL        equ	3813	;# 
  1665   000EE6                     RXF1EIDH        equ	3814	;# 
  1666   000EE7                     RXF1EIDL        equ	3815	;# 
  1667   000EE8                     RXF2SIDH        equ	3816	;# 
  1668   000EE9                     RXF2SIDL        equ	3817	;# 
  1669   000EEA                     RXF2EIDH        equ	3818	;# 
  1670   000EEB                     RXF2EIDL        equ	3819	;# 
  1671   000EEC                     RXF3SIDH        equ	3820	;# 
  1672   000EED                     RXF3SIDL        equ	3821	;# 
  1673   000EEE                     RXF3EIDH        equ	3822	;# 
  1674   000EEF                     RXF3EIDL        equ	3823	;# 
  1675   000EF0                     RXF4SIDH        equ	3824	;# 
  1676   000EF1                     RXF4SIDL        equ	3825	;# 
  1677   000EF2                     RXF4EIDH        equ	3826	;# 
  1678   000EF3                     RXF4EIDL        equ	3827	;# 
  1679   000EF4                     RXF5SIDH        equ	3828	;# 
  1680   000EF5                     RXF5SIDL        equ	3829	;# 
  1681   000EF6                     RXF5EIDH        equ	3830	;# 
  1682   000EF7                     RXF5EIDL        equ	3831	;# 
  1683   000EF8                     RXM0SIDH        equ	3832	;# 
  1684   000EF9                     RXM0SIDL        equ	3833	;# 
  1685   000EFA                     RXM0EIDH        equ	3834	;# 
  1686   000EFB                     RXM0EIDL        equ	3835	;# 
  1687   000EFC                     RXM1SIDH        equ	3836	;# 
  1688   000EFD                     RXM1SIDL        equ	3837	;# 
  1689   000EFE                     RXM1EIDH        equ	3838	;# 
  1690   000EFF                     RXM1EIDL        equ	3839	;# 
  1691   000F00                     TXB2CON         equ	3840	;# 
  1692   000F01                     TXB2SIDH        equ	3841	;# 
  1693   000F02                     TXB2SIDL        equ	3842	;# 
  1694   000F03                     TXB2EIDH        equ	3843	;# 
  1695   000F04                     TXB2EIDL        equ	3844	;# 
  1696   000F05                     TXB2DLC         equ	3845	;# 
  1697   000F06                     TXB2D0          equ	3846	;# 
  1698   000F07                     TXB2D1          equ	3847	;# 
  1699   000F08                     TXB2D2          equ	3848	;# 
  1700   000F09                     TXB2D3          equ	3849	;# 
  1701   000F0A                     TXB2D4          equ	3850	;# 
  1702   000F0B                     TXB2D5          equ	3851	;# 
  1703   000F0C                     TXB2D6          equ	3852	;# 
  1704   000F0D                     TXB2D7          equ	3853	;# 
  1705   000F0E                     CANSTAT_RO3     equ	3854	;# 
  1706   000F0F                     CANCON_RO3      equ	3855	;# 
  1707   000F10                     TXB1CON         equ	3856	;# 
  1708   000F11                     TXB1SIDH        equ	3857	;# 
  1709   000F12                     TXB1SIDL        equ	3858	;# 
  1710   000F13                     TXB1EIDH        equ	3859	;# 
  1711   000F14                     TXB1EIDL        equ	3860	;# 
  1712   000F15                     TXB1DLC         equ	3861	;# 
  1713   000F16                     TXB1D0          equ	3862	;# 
  1714   000F17                     TXB1D1          equ	3863	;# 
  1715   000F18                     TXB1D2          equ	3864	;# 
  1716   000F19                     TXB1D3          equ	3865	;# 
  1717   000F1A                     TXB1D4          equ	3866	;# 
  1718   000F1B                     TXB1D5          equ	3867	;# 
  1719   000F1C                     TXB1D6          equ	3868	;# 
  1720   000F1D                     TXB1D7          equ	3869	;# 
  1721   000F1E                     CANSTAT_RO2     equ	3870	;# 
  1722   000F1F                     CANCON_RO2      equ	3871	;# 
  1723   000F20                     TXB0CON         equ	3872	;# 
  1724   000F21                     TXB0SIDH        equ	3873	;# 
  1725   000F22                     TXB0SIDL        equ	3874	;# 
  1726   000F23                     TXB0EIDH        equ	3875	;# 
  1727   000F24                     TXB0EIDL        equ	3876	;# 
  1728   000F25                     TXB0DLC         equ	3877	;# 
  1729   000F26                     TXB0D0          equ	3878	;# 
  1730   000F27                     TXB0D1          equ	3879	;# 
  1731   000F28                     TXB0D2          equ	3880	;# 
  1732   000F29                     TXB0D3          equ	3881	;# 
  1733   000F2A                     TXB0D4          equ	3882	;# 
  1734   000F2B                     TXB0D5          equ	3883	;# 
  1735   000F2C                     TXB0D6          equ	3884	;# 
  1736   000F2D                     TXB0D7          equ	3885	;# 
  1737   000F2E                     CANSTAT_RO1     equ	3886	;# 
  1738   000F2F                     CANCON_RO1      equ	3887	;# 
  1739   000F30                     RXB1CON         equ	3888	;# 
  1740   000F31                     RXB1SIDH        equ	3889	;# 
  1741   000F32                     RXB1SIDL        equ	3890	;# 
  1742   000F33                     RXB1EIDH        equ	3891	;# 
  1743   000F34                     RXB1EIDL        equ	3892	;# 
  1744   000F35                     RXB1DLC         equ	3893	;# 
  1745   000F36                     RXB1D0          equ	3894	;# 
  1746   000F37                     RXB1D1          equ	3895	;# 
  1747   000F38                     RXB1D2          equ	3896	;# 
  1748   000F39                     RXB1D3          equ	3897	;# 
  1749   000F3A                     RXB1D4          equ	3898	;# 
  1750   000F3B                     RXB1D5          equ	3899	;# 
  1751   000F3C                     RXB1D6          equ	3900	;# 
  1752   000F3D                     RXB1D7          equ	3901	;# 
  1753   000F3E                     CANSTAT_RO0     equ	3902	;# 
  1754   000F3F                     CANCON_RO0      equ	3903	;# 
  1755   000F46                     PSPCON          equ	3910	;# 
  1756   000F47                     CCP5CON         equ	3911	;# 
  1757   000F48                     CCPR5           equ	3912	;# 
  1758   000F48                     CCPR5L          equ	3912	;# 
  1759   000F49                     CCPR5H          equ	3913	;# 
  1760   000F4A                     CCP4CON         equ	3914	;# 
  1761   000F4B                     CCPR4           equ	3915	;# 
  1762   000F4B                     CCPR4L          equ	3915	;# 
  1763   000F4C                     CCPR4H          equ	3916	;# 
  1764   000F4D                     CCP3CON         equ	3917	;# 
  1765   000F4E                     CCPR3           equ	3918	;# 
  1766   000F4E                     CCPR3L          equ	3918	;# 
  1767   000F4F                     CCPR3H          equ	3919	;# 
  1768   000F50                     CCP2CON         equ	3920	;# 
  1769   000F50                     ECCP2CON        equ	3920	;# 
  1770   000F51                     CCPR2           equ	3921	;# 
  1771   000F51                     CCPR2L          equ	3921	;# 
  1772   000F52                     CCPR2H          equ	3922	;# 
  1773   000F53                     CTMUICON        equ	3923	;# 
  1774   000F54                     CTMUCONL        equ	3924	;# 
  1775   000F55                     CTMUCONH        equ	3925	;# 
  1776   000F56                     PADCFG1         equ	3926	;# 
  1777   000F57                     PMD2            equ	3927	;# 
  1778   000F58                     PMD1            equ	3928	;# 
  1779   000F59                     PMD0            equ	3929	;# 
  1780   000F5A                     IOCB            equ	3930	;# 
  1781   000F5B                     WPUB            equ	3931	;# 
  1782   000F5C                     ANCON1          equ	3932	;# 
  1783   000F5D                     ANCON0          equ	3933	;# 
  1784   000F5E                     CM2CON          equ	3934	;# 
  1785   000F5E                     CM2CON1         equ	3934	;# 
  1786   000F5F                     CM1CON          equ	3935	;# 
  1787   000F5F                     CM1CON1         equ	3935	;# 
  1788   000F60                     RXB0CON         equ	3936	;# 
  1789   000F61                     RXB0SIDH        equ	3937	;# 
  1790   000F62                     RXB0SIDL        equ	3938	;# 
  1791   000F63                     RXB0EIDH        equ	3939	;# 
  1792   000F64                     RXB0EIDL        equ	3940	;# 
  1793   000F65                     RXB0DLC         equ	3941	;# 
  1794   000F66                     RXB0D0          equ	3942	;# 
  1795   000F67                     RXB0D1          equ	3943	;# 
  1796   000F68                     RXB0D2          equ	3944	;# 
  1797   000F69                     RXB0D3          equ	3945	;# 
  1798   000F6A                     RXB0D4          equ	3946	;# 
  1799   000F6B                     RXB0D5          equ	3947	;# 
  1800   000F6C                     RXB0D6          equ	3948	;# 
  1801   000F6D                     RXB0D7          equ	3949	;# 
  1802   000F6E                     CANSTAT         equ	3950	;# 
  1803   000F6F                     CANCON          equ	3951	;# 
  1804   000F70                     CIOCON          equ	3952	;# 
  1805   000F71                     COMSTAT         equ	3953	;# 
  1806   000F72                     ECANCON         equ	3954	;# 
  1807   000F73                     EEDATA          equ	3955	;# 
  1808   000F74                     EEADR           equ	3956	;# 
  1809   000F75                     EEADRH          equ	3957	;# 
  1810   000F76                     PIE5            equ	3958	;# 
  1811   000F77                     PIR5            equ	3959	;# 
  1812   000F78                     IPR5            equ	3960	;# 
  1813   000F79                     TXREG2          equ	3961	;# 
  1814   000F7A                     RCREG2          equ	3962	;# 
  1815   000F7B                     SPBRG2          equ	3963	;# 
  1816   000F7C                     SPBRGH2         equ	3964	;# 
  1817   000F7D                     SPBRGH1         equ	3965	;# 
  1818   000F7E                     EECON2          equ	3966	;# 
  1819   000F7F                     EECON1          equ	3967	;# 
  1820   000F80                     PORTA           equ	3968	;# 
  1821   000F81                     PORTB           equ	3969	;# 
  1822   000F82                     PORTC           equ	3970	;# 
  1823   000F83                     PORTD           equ	3971	;# 
  1824   000F84                     PORTE           equ	3972	;# 
  1825   000F87                     TMR4            equ	3975	;# 
  1826   000F88                     T4CON           equ	3976	;# 
  1827   000F89                     LATA            equ	3977	;# 
  1828   000F8A                     LATB            equ	3978	;# 
  1829   000F8B                     LATC            equ	3979	;# 
  1830   000F8C                     LATD            equ	3980	;# 
  1831   000F8D                     LATE            equ	3981	;# 
  1832   000F90                     SLRCON          equ	3984	;# 
  1833   000F91                     ODCON           equ	3985	;# 
  1834   000F92                     TRISA           equ	3986	;# 
  1835   000F93                     TRISB           equ	3987	;# 
  1836   000F94                     TRISC           equ	3988	;# 
  1837   000F95                     TRISD           equ	3989	;# 
  1838   000F96                     TRISE           equ	3990	;# 
  1839   000F99                     CCPTMRS         equ	3993	;# 
  1840   000F9A                     REFOCON         equ	3994	;# 
  1841   000F9B                     OSCTUNE         equ	3995	;# 
  1842   000F9C                     PSTR1CON        equ	3996	;# 
  1843   000F9D                     PIE1            equ	3997	;# 
  1844   000F9E                     PIR1            equ	3998	;# 
  1845   000F9F                     IPR1            equ	3999	;# 
  1846   000FA0                     PIE2            equ	4000	;# 
  1847   000FA1                     PIR2            equ	4001	;# 
  1848   000FA2                     IPR2            equ	4002	;# 
  1849   000FA3                     PIE3            equ	4003	;# 
  1850   000FA4                     PIR3            equ	4004	;# 
  1851   000FA5                     IPR3            equ	4005	;# 
  1852   000FA6                     RCSTA2          equ	4006	;# 
  1853   000FA7                     BAUDCON1        equ	4007	;# 
  1854   000FA8                     HLVDCON         equ	4008	;# 
  1855   000FA9                     PR4             equ	4009	;# 
  1856   000FAA                     T1GCON          equ	4010	;# 
  1857   000FAB                     RCSTA1          equ	4011	;# 
  1858   000FAB                     RCSTA           equ	4011	;# 
  1859   000FAC                     TXSTA1          equ	4012	;# 
  1860   000FAC                     TXSTA           equ	4012	;# 
  1861   000FAD                     TXREG1          equ	4013	;# 
  1862   000FAD                     TXREG           equ	4013	;# 
  1863   000FAE                     RCREG1          equ	4014	;# 
  1864   000FAE                     RCREG           equ	4014	;# 
  1865   000FAF                     SPBRG1          equ	4015	;# 
  1866   000FAF                     SPBRG           equ	4015	;# 
  1867   000FB0                     T3GCON          equ	4016	;# 
  1868   000FB1                     T3CON           equ	4017	;# 
  1869   000FB2                     TMR3            equ	4018	;# 
  1870   000FB2                     TMR3L           equ	4018	;# 
  1871   000FB3                     TMR3H           equ	4019	;# 
  1872   000FB4                     CMSTAT          equ	4020	;# 
  1873   000FB4                     CMSTATUS        equ	4020	;# 
  1874   000FB5                     CVRCON          equ	4021	;# 
  1875   000FB6                     PIE4            equ	4022	;# 
  1876   000FB7                     PIR4            equ	4023	;# 
  1877   000FB8                     IPR4            equ	4024	;# 
  1878   000FB9                     BAUDCON2        equ	4025	;# 
  1879   000FBA                     TXSTA2          equ	4026	;# 
  1880   000FBB                     CCP1CON         equ	4027	;# 
  1881   000FBB                     ECCP1CON        equ	4027	;# 
  1882   000FBC                     CCPR1           equ	4028	;# 
  1883   000FBC                     CCPR1L          equ	4028	;# 
  1884   000FBD                     CCPR1H          equ	4029	;# 
  1885   000FBE                     ECCP1DEL        equ	4030	;# 
  1886   000FBE                     PWM1CON         equ	4030	;# 
  1887   000FBF                     ECCP1AS         equ	4031	;# 
  1888   000FC0                     ADCON2          equ	4032	;# 
  1889   000FC1                     ADCON1          equ	4033	;# 
  1890   000FC2                     ADCON0          equ	4034	;# 
  1891   000FC3                     ADRES           equ	4035	;# 
  1892   000FC3                     ADRESL          equ	4035	;# 
  1893   000FC4                     ADRESH          equ	4036	;# 
  1894   000FC5                     SSPCON2         equ	4037	;# 
  1895   000FC6                     SSPCON1         equ	4038	;# 
  1896   000FC7                     SSPSTAT         equ	4039	;# 
  1897   000FC8                     SSPADD          equ	4040	;# 
  1898   000FC9                     SSPBUF          equ	4041	;# 
  1899   000FCA                     T2CON           equ	4042	;# 
  1900   000FCB                     PR2             equ	4043	;# 
  1901   000FCB                     MEMCON          equ	4043	;# 
  1902   000FCC                     TMR2            equ	4044	;# 
  1903   000FCD                     T1CON           equ	4045	;# 
  1904   000FCE                     TMR1            equ	4046	;# 
  1905   000FCE                     TMR1L           equ	4046	;# 
  1906   000FCF                     TMR1H           equ	4047	;# 
  1907   000FD0                     RCON            equ	4048	;# 
  1908   000FD1                     WDTCON          equ	4049	;# 
  1909   000FD2                     OSCCON2         equ	4050	;# 
  1910   000FD3                     OSCCON          equ	4051	;# 
  1911   000FD5                     T0CON           equ	4053	;# 
  1912   000FD6                     TMR0            equ	4054	;# 
  1913   000FD6                     TMR0L           equ	4054	;# 
  1914   000FD7                     TMR0H           equ	4055	;# 
  1915   000FD8                     STATUS          equ	4056	;# 
  1916   000FD9                     FSR2            equ	4057	;# 
  1917   000FD9                     FSR2L           equ	4057	;# 
  1918   000FDA                     FSR2H           equ	4058	;# 
  1919   000FDB                     PLUSW2          equ	4059	;# 
  1920   000FDC                     PREINC2         equ	4060	;# 
  1921   000FDD                     POSTDEC2        equ	4061	;# 
  1922   000FDE                     POSTINC2        equ	4062	;# 
  1923   000FDF                     INDF2           equ	4063	;# 
  1924   000FE0                     BSR             equ	4064	;# 
  1925   000FE1                     FSR1            equ	4065	;# 
  1926   000FE1                     FSR1L           equ	4065	;# 
  1927   000FE2                     FSR1H           equ	4066	;# 
  1928   000FE3                     PLUSW1          equ	4067	;# 
  1929   000FE4                     PREINC1         equ	4068	;# 
  1930   000FE5                     POSTDEC1        equ	4069	;# 
  1931   000FE6                     POSTINC1        equ	4070	;# 
  1932   000FE7                     INDF1           equ	4071	;# 
  1933   000FE8                     WREG            equ	4072	;# 
  1934   000FE9                     FSR0            equ	4073	;# 
  1935   000FE9                     FSR0L           equ	4073	;# 
  1936   000FEA                     FSR0H           equ	4074	;# 
  1937   000FEB                     PLUSW0          equ	4075	;# 
  1938   000FEC                     PREINC0         equ	4076	;# 
  1939   000FED                     POSTDEC0        equ	4077	;# 
  1940   000FEE                     POSTINC0        equ	4078	;# 
  1941   000FEF                     INDF0           equ	4079	;# 
  1942   000FF0                     INTCON3         equ	4080	;# 
  1943   000FF1                     INTCON2         equ	4081	;# 
  1944   000FF2                     INTCON          equ	4082	;# 
  1945   000FF2                     INTCON1         equ	4082	;# 
  1946   000FF3                     PROD            equ	4083	;# 
  1947   000FF3                     PRODL           equ	4083	;# 
  1948   000FF4                     PRODH           equ	4084	;# 
  1949   000FF5                     TABLAT          equ	4085	;# 
  1950   000FF6                     TBLPTR          equ	4086	;# 
  1951   000FF6                     TBLPTRL         equ	4086	;# 
  1952   000FF7                     TBLPTRH         equ	4087	;# 
  1953   000FF8                     TBLPTRU         equ	4088	;# 
  1954   000FF9                     PCLAT           equ	4089	;# 
  1955   000FF9                     PC              equ	4089	;# 
  1956   000FF9                     PCL             equ	4089	;# 
  1957   000FFA                     PCLATH          equ	4090	;# 
  1958   000FFB                     PCLATU          equ	4091	;# 
  1959   000FFC                     STKPTR          equ	4092	;# 
  1960   000FFD                     TOS             equ	4093	;# 
  1961   000FFD                     TOSL            equ	4093	;# 
  1962   000FFE                     TOSH            equ	4094	;# 
  1963   000FFF                     TOSU            equ	4095	;# 
  1964                           
  1965 ;; Function _EUSART1_DefaultFramingErrorHandler is unused but had its address taken
  1966   000000                     _EUSART1_DefaultFramingErrorHandler equ	0
  1967                           
  1968 ;; Function _EUSART1_DefaultOverrunErrorHandler is unused but had its address taken
  1969   000000                     _EUSART1_DefaultOverrunErrorHandler equ	0
  1970                           
  1971 ;; Function _EUSART1_DefaultErrorHandler is unused but had its address taken
  1972   000000                     _EUSART1_DefaultErrorHandler equ	0
  1973                           
  1974                           	psect	nvCOMRAM
  1975   000021                     __pnvCOMRAM:
  1976                           	callstack 0
  1977   000021                     _EUSART1_ErrorHandler:
  1978                           	callstack 0
  1979   000021                     	ds	2
  1980   000023                     _EUSART1_OverrunErrorHandler:
  1981                           	callstack 0
  1982   000023                     	ds	2
  1983   000025                     _EUSART1_FramingErrorHandler:
  1984                           	callstack 0
  1985   000025                     	ds	2
  1986   000F5B                     _WPUB           set	3931
  1987   000F5C                     _ANCON1         set	3932
  1988   000F5D                     _ANCON0         set	3933
  1989   000FF2                     _INTCONbits     set	4082
  1990   000FF1                     _INTCON2bits    set	4081
  1991   000F95                     _TRISD          set	3989
  1992   000F94                     _TRISC          set	3988
  1993   000F93                     _TRISB          set	3987
  1994   000F92                     _TRISA          set	3986
  1995   000F96                     _TRISE          set	3990
  1996   000F8A                     _LATB           set	3978
  1997   000F89                     _LATA           set	3977
  1998   000F8D                     _LATE           set	3981
  1999   000FCD                     _T1CON          set	4045
  2000   000F8B                     _LATCbits       set	3979
  2001   000F8C                     _LATD           set	3980
  2002   000FCD                     _T1CONbits      set	4045
  2003   000FCE                     _TMR1L          set	4046
  2004   000FCF                     _TMR1H          set	4047
  2005   000F82                     _PORTC          set	3970
  2006   000F8B                     _LATC           set	3979
  2007   000FAD                     _TXREG1         set	4013
  2008   000FAE                     _RCREG1         set	4014
  2009   000FAB                     _RCSTA1bits     set	4011
  2010   000FAC                     _TXSTA1bits     set	4012
  2011   000F9E                     _PIR1bits       set	3998
  2012   000F7D                     _SPBRGH1        set	3965
  2013   000FAF                     _SPBRG1         set	4015
  2014   000FAC                     _TXSTA1         set	4012
  2015   000FAB                     _RCSTA1         set	4011
  2016   000FA7                     _BAUDCON1       set	4007
  2017   000F9A                     _REFOCON        set	3994
  2018   000F9B                     _OSCTUNE        set	3995
  2019   000FD2                     _OSCCON2        set	4050
  2020   000FD3                     _OSCCON         set	4051
  2021                           
  2022                           ; #config settings
  2023                           
  2024                           	psect	cinit
  2025   0015A4                     __pcinit:
  2026                           	callstack 0
  2027   0015A4                     start_initialization:
  2028                           	callstack 0
  2029   0015A4                     __initialization:
  2030                           	callstack 0
  2031                           
  2032                           ; Clear objects allocated to COMRAM (1 bytes)
  2033   0015A4  6A27               	clrf	__pbssCOMRAM& (0+255),c
  2034   0015A6                     end_of_initialization:
  2035                           	callstack 0
  2036   0015A6                     __end_of__initialization:
  2037                           	callstack 0
  2038   0015A6  0E00               	movlw	low (__Lmediumconst shr (0+16))
  2039   0015A8  6EF8               	movwf	tblptru,c
  2040   0015AA  0100               	movlb	0
  2041   0015AC  EF01  F008         	goto	_main	;jump to C main() function
  2042                           
  2043                           	psect	bssCOMRAM
  2044   000027                     __pbssCOMRAM:
  2045                           	callstack 0
  2046   000027                     _eusart1RxLastError:
  2047                           	callstack 0
  2048   000027                     	ds	1
  2049                           
  2050                           	psect	cstackCOMRAM
  2051   000001                     __pcstackCOMRAM:
  2052                           	callstack 0
  2053   000001                     ?___lwdiv:
  2054                           	callstack 0
  2055   000001                     EUSART1_Write@txData:
  2056                           	callstack 0
  2057   000001                     EUSART1_SetFramingErrorHandler@interruptHandler:
  2058                           	callstack 0
  2059   000001                     EUSART1_SetOverrunErrorHandler@interruptHandler:
  2060                           	callstack 0
  2061   000001                     EUSART1_SetErrorHandler@interruptHandler:
  2062                           	callstack 0
  2063   000001                     ___lwdiv@dividend:
  2064                           	callstack 0
  2065   000001                     ??_trigger_ultrasonic:
  2066   000001                     
  2067                           ; 1 bytes @ 0x0
  2068   000001                     	ds	2
  2069   000003                     trigger_ultrasonic@trigPin:
  2070                           	callstack 0
  2071   000003                     ___lwdiv@divisor:
  2072                           	callstack 0
  2073   000003                     
  2074                           ; 1 bytes @ 0x2
  2075   000003                     	ds	2
  2076   000005                     ___lwdiv@quotient:
  2077                           	callstack 0
  2078   000005                     
  2079                           ; 1 bytes @ 0x4
  2080   000005                     	ds	2
  2081   000007                     ___lwdiv@counter:
  2082                           	callstack 0
  2083                           
  2084                           ; 1 bytes @ 0x6
  2085   000007                     	ds	1
  2086   000008                     ?_measure_distance_cm:
  2087                           	callstack 0
  2088   000008                     measure_distance_cm@echoPin:
  2089                           	callstack 0
  2090                           
  2091                           ; 1 bytes @ 0x7
  2092   000008                     	ds	2
  2093   00000A                     ??_measure_distance_cm:
  2094                           
  2095                           ; 1 bytes @ 0x9
  2096   00000A                     	ds	2
  2097   00000C                     measure_distance_cm@time:
  2098                           	callstack 0
  2099                           
  2100                           ; 2 bytes @ 0xB
  2101   00000C                     	ds	2
  2102   00000E                     measure_distance_cm@trigPin:
  2103                           	callstack 0
  2104                           
  2105                           ; 1 bytes @ 0xD
  2106   00000E                     	ds	1
  2107   00000F                     measure_distance_cm@timeout:
  2108                           	callstack 0
  2109                           
  2110                           ; 2 bytes @ 0xE
  2111   00000F                     	ds	2
  2112   000011                     is_obstacle_detected@dist1:
  2113                           	callstack 0
  2114   000011                     
  2115                           ; 1 bytes @ 0x10
  2116   000011                     	ds	2
  2117   000013                     is_obstacle_detected@dist2:
  2118                           	callstack 0
  2119                           
  2120                           ; 2 bytes @ 0x12
  2121   000013                     	ds	2
  2122   000015                     _is_obstacle_detected$444:
  2123                           	callstack 0
  2124                           
  2125                           ; 1 bytes @ 0x14
  2126   000015                     	ds	1
  2127   000016                     wait_ms_with_obstacle_check@duration_ms:
  2128                           	callstack 0
  2129                           
  2130                           ; 2 bytes @ 0x15
  2131   000016                     	ds	2
  2132   000018                     ??_wait_ms_with_obstacle_check:
  2133                           
  2134                           ; 1 bytes @ 0x17
  2135   000018                     	ds	2
  2136   00001A                     wait_ms_with_obstacle_check@elapsed:
  2137                           	callstack 0
  2138                           
  2139                           ; 2 bytes @ 0x19
  2140   00001A                     	ds	2
  2141   00001C                     ??_main:
  2142                           
  2143                           ; 1 bytes @ 0x1B
  2144   00001C                     	ds	2
  2145   00001E                     main@waitTime:
  2146                           	callstack 0
  2147                           
  2148                           ; 2 bytes @ 0x1D
  2149   00001E                     	ds	2
  2150   000020                     main@cmd:
  2151                           	callstack 0
  2152                           
  2153                           ; 1 bytes @ 0x1F
  2154   000020                     	ds	1
  2155                           
  2156 ;;
  2157 ;;Main: autosize = 0, tempsize = 2, incstack = 0, save=0
  2158 ;;
  2159 ;; *************** function _main *****************
  2160 ;; Defined at:
  2161 ;;		line 100 in file "main.c"
  2162 ;; Parameters:    Size  Location     Type
  2163 ;;		None
  2164 ;; Auto vars:     Size  Location     Type
  2165 ;;  waitTime        2   29[COMRAM] unsigned short 
  2166 ;;  cmd             1   31[COMRAM] unsigned char 
  2167 ;; Return value:  Size  Location     Type
  2168 ;;                  1    wreg      void 
  2169 ;; Registers used:
  2170 ;;		wreg, status,2, status,0, cstack
  2171 ;; Tracked objects:
  2172 ;;		On entry : 0/0
  2173 ;;		On exit  : 0/0
  2174 ;;		Unchanged: 0/0
  2175 ;; Data sizes:     COMRAM   BANK0   BANK1   BANK2   BANK3   BANK4   BANK5   BANK6   BANK7   BANK8   BANK9  BANK10  BANK1
      +1  BANK12  BANK13  BANK14
  2176 ;;      Params:         0       0       0       0       0       0       0       0       0       0       0       0       
      +0       0       0       0
  2177 ;;      Locals:         3       0       0       0       0       0       0       0       0       0       0       0       
      +0       0       0       0
  2178 ;;      Temps:          2       0       0       0       0       0       0       0       0       0       0       0       
      +0       0       0       0
  2179 ;;      Totals:         5       0       0       0       0       0       0       0       0       0       0       0       
      +0       0       0       0
  2180 ;;Total ram usage:        5 bytes
  2181 ;; Hardware stack levels required when called: 4
  2182 ;; This function calls:
  2183 ;;		_EUSART1_Read
  2184 ;;		_EUSART1_Write
  2185 ;;		_EUSART1_is_rx_ready
  2186 ;;		_SYSTEM_Initialize
  2187 ;;		_is_obstacle_detected
  2188 ;;		_move_backward
  2189 ;;		_move_forward
  2190 ;;		_stop_all_motors
  2191 ;;		_wait_ms_with_obstacle_check
  2192 ;; This function is called by:
  2193 ;;		Startup code after reset
  2194 ;; This function uses a non-reentrant model
  2195 ;;
  2196                           
  2197                           	psect	text0
  2198   001002                     __ptext0:
  2199                           	callstack 0
  2200   001002                     _main:
  2201                           	callstack 27
  2202   001002                     
  2203                           ;main.c: 102:     SYSTEM_Initialize();
  2204   001002  ECCB  F00A         	call	_SYSTEM_Initialize	;wreg free
  2205   001006                     
  2206                           ;main.c: 103:     TMR1H = 0;
  2207   001006  6ACF               	clrf	207,c	;volatile
  2208   001008                     
  2209                           ;main.c: 104:     TMR1L = 0;
  2210   001008  6ACE               	clrf	206,c	;volatile
  2211   00100A                     
  2212                           ;main.c: 105:     T1CON = 0x10;
  2213   00100A  0E10               	movlw	16
  2214   00100C  6ECD               	movwf	205,c	;volatile
  2215   00100E                     
  2216                           ;main.c: 106:     T1CONbits.TMR1ON = 0;
  2217   00100E  90CD               	bcf	205,0,c	;volatile
  2218   001010                     
  2219                           ;main.c: 108:     stop_all_motors();
  2220   001010  ECED  F00A         	call	_stop_all_motors	;wreg free
  2221   001014                     
  2222                           ;main.c: 109:     (LATCbits.LATC4 = 0);
  2223   001014  988B               	bcf	139,4,c	;volatile
  2224   001016                     
  2225                           ;main.c: 110:     (LATCbits.LATC5 = 0);
  2226   001016  9A8B               	bcf	139,5,c	;volatile
  2227   001018                     l1300:
  2228                           
  2229                           ;main.c: 114:     {;main.c: 115:         uint16_t waitTime = 0;
  2230   001018  0E00               	movlw	0
  2231   00101A  6E1F               	movwf	(main@waitTime+1)^0,c
  2232   00101C  0E00               	movlw	0
  2233   00101E  6E1E               	movwf	main@waitTime^0,c
  2234   001020                     
  2235                           ;main.c: 116:         char cmd = 0;
  2236   001020  6A20               	clrf	main@cmd^0,c
  2237                           
  2238                           ;main.c: 118:         while (waitTime < 1000) {
  2239   001022  EF5F  F008         	goto	l1340
  2240   001026                     l1304:
  2241                           
  2242                           ;main.c: 119:             if (EUSART1_is_rx_ready()) {
  2243   001026  ECC1  F00A         	call	_EUSART1_is_rx_ready	;wreg free
  2244   00102A  0900               	iorlw	0
  2245   00102C  B4D8               	btfsc	status,2,c
  2246   00102E  EF1B  F008         	goto	u491
  2247   001032  EF1D  F008         	goto	u490
  2248   001036                     u491:
  2249   001036  EF4F  F008         	goto	l1336
  2250   00103A                     u490:
  2251   00103A                     
  2252                           ;main.c: 120:                 cmd = EUSART1_Read();
  2253   00103A  EC91  F00A         	call	_EUSART1_Read	;wreg free
  2254   00103E  6E20               	movwf	main@cmd^0,c
  2255   001040                     
  2256                           ;main.c: 122:                 EUSART1_Write('\r'); EUSART1_Write('\n');
  2257   001040  0E0D               	movlw	13
  2258   001042  ECB6  F00A         	call	_EUSART1_Write
  2259   001046  0E0A               	movlw	10
  2260   001048  ECB6  F00A         	call	_EUSART1_Write
  2261   00104C                     
  2262                           ;main.c: 123:                 EUSART1_Write('R'); EUSART1_Write('e'); EUSART1_Write('c')
      +                          ;
  2263   00104C  0E52               	movlw	82
  2264   00104E  ECB6  F00A         	call	_EUSART1_Write
  2265   001052  0E65               	movlw	101
  2266   001054  ECB6  F00A         	call	_EUSART1_Write
  2267   001058  0E63               	movlw	99
  2268   00105A  ECB6  F00A         	call	_EUSART1_Write
  2269   00105E                     
  2270                           ;main.c: 124:                 EUSART1_Write('e'); EUSART1_Write('i'); EUSART1_Write('v')
      +                          ;
  2271   00105E  0E65               	movlw	101
  2272   001060  ECB6  F00A         	call	_EUSART1_Write
  2273   001064  0E69               	movlw	105
  2274   001066  ECB6  F00A         	call	_EUSART1_Write
  2275   00106A  0E76               	movlw	118
  2276   00106C  ECB6  F00A         	call	_EUSART1_Write
  2277   001070                     
  2278                           ;main.c: 125:                 EUSART1_Write('e'); EUSART1_Write('d'); EUSART1_Write(':')
      +                          ;
  2279   001070  0E65               	movlw	101
  2280   001072  ECB6  F00A         	call	_EUSART1_Write
  2281   001076  0E64               	movlw	100
  2282   001078  ECB6  F00A         	call	_EUSART1_Write
  2283   00107C  0E3A               	movlw	58
  2284   00107E  ECB6  F00A         	call	_EUSART1_Write
  2285   001082                     
  2286                           ;main.c: 126:                 EUSART1_Write(' '); EUSART1_Write(cmd);
  2287   001082  0E20               	movlw	32
  2288   001084  ECB6  F00A         	call	_EUSART1_Write
  2289   001088  5020               	movf	main@cmd^0,w,c
  2290   00108A  ECB6  F00A         	call	_EUSART1_Write
  2291   00108E                     
  2292                           ;main.c: 127:                 EUSART1_Write('\r'); EUSART1_Write('\n');
  2293   00108E  0E0D               	movlw	13
  2294   001090  ECB6  F00A         	call	_EUSART1_Write
  2295   001094  0E0A               	movlw	10
  2296   001096  ECB6  F00A         	call	_EUSART1_Write
  2297                           
  2298                           ;main.c: 128:                 break;
  2299   00109A  EF6A  F008         	goto	l1342
  2300   00109E                     l1336:
  2301                           
  2302                           ;main.c: 130:             _delay((unsigned long)((100)*(16000000/4000.0)));
  2303   00109E  0E03               	movlw	3
  2304   0010A0  6E1D               	movwf	(??_main+1)^0,c
  2305   0010A2  0E08               	movlw	8
  2306   0010A4  6E1C               	movwf	??_main^0,c
  2307   0010A6  0E77               	movlw	119
  2308   0010A8                     u577:
  2309   0010A8  2EE8               	decfsz	wreg,f,c
  2310   0010AA  D7FE               	bra	u577
  2311   0010AC  2E1C               	decfsz	??_main^0,f,c
  2312   0010AE  D7FC               	bra	u577
  2313   0010B0  2E1D               	decfsz	(??_main+1)^0,f,c
  2314   0010B2  D7FA               	bra	u577
  2315   0010B4  0000               	nop	
  2316   0010B6                     
  2317                           ;main.c: 131:             waitTime += 100;
  2318   0010B6  0E64               	movlw	100
  2319   0010B8  261E               	addwf	main@waitTime^0,f,c
  2320   0010BA  0E00               	movlw	0
  2321   0010BC  221F               	addwfc	(main@waitTime+1)^0,f,c
  2322   0010BE                     l1340:
  2323                           
  2324                           ;main.c: 118:         while (waitTime < 1000) {
  2325   0010BE  0EE8               	movlw	232
  2326   0010C0  5C1E               	subwf	main@waitTime^0,w,c
  2327   0010C2  0E03               	movlw	3
  2328   0010C4  581F               	subwfb	(main@waitTime+1)^0,w,c
  2329   0010C6  A0D8               	btfss	status,0,c
  2330   0010C8  EF68  F008         	goto	u501
  2331   0010CC  EF6A  F008         	goto	u500
  2332   0010D0                     u501:
  2333   0010D0  EF13  F008         	goto	l1304
  2334   0010D4                     u500:
  2335   0010D4                     l1342:
  2336                           
  2337                           ;main.c: 134:         if (cmd == 'R' || cmd == 'r') {
  2338   0010D4  0E52               	movlw	82
  2339   0010D6  1820               	xorwf	main@cmd^0,w,c
  2340   0010D8  B4D8               	btfsc	status,2,c
  2341   0010DA  EF71  F008         	goto	u511
  2342   0010DE  EF73  F008         	goto	u510
  2343   0010E2                     u511:
  2344   0010E2  EF7C  F008         	goto	l184
  2345   0010E6                     u510:
  2346   0010E6  0E72               	movlw	114
  2347   0010E8  1820               	xorwf	main@cmd^0,w,c
  2348   0010EA  A4D8               	btfss	status,2,c
  2349   0010EC  EF7A  F008         	goto	u521
  2350   0010F0  EF7C  F008         	goto	u520
  2351   0010F4                     u521:
  2352   0010F4  EFA4  F008         	goto	l1360
  2353   0010F8                     u520:
  2354   0010F8                     l184:
  2355                           
  2356                           ;main.c: 135:             (LATCbits.LATC5 = 1);
  2357   0010F8  8A8B               	bsf	139,5,c	;volatile
  2358   0010FA                     
  2359                           ;main.c: 136:             _delay((unsigned long)((2000)*(16000000/4000.0)));
  2360   0010FA  0E29               	movlw	41
  2361   0010FC  6E1D               	movwf	(??_main+1)^0,c
  2362   0010FE  0E96               	movlw	150
  2363   001100  6E1C               	movwf	??_main^0,c
  2364   001102  0E7F               	movlw	127
  2365   001104                     u587:
  2366   001104  2EE8               	decfsz	wreg,f,c
  2367   001106  D7FE               	bra	u587
  2368   001108  2E1C               	decfsz	??_main^0,f,c
  2369   00110A  D7FC               	bra	u587
  2370   00110C  2E1D               	decfsz	(??_main+1)^0,f,c
  2371   00110E  D7FA               	bra	u587
  2372   001110  0000               	nop	
  2373   001112                     
  2374                           ;main.c: 137:             if (!is_obstacle_detected()) {
  2375   001112  EC23  F00A         	call	_is_obstacle_detected	;wreg free
  2376   001116  0900               	iorlw	0
  2377   001118  A4D8               	btfss	status,2,c
  2378   00111A  EF91  F008         	goto	u531
  2379   00111E  EF93  F008         	goto	u530
  2380   001122                     u531:
  2381   001122  EF9F  F008         	goto	l1356
  2382   001126                     u530:
  2383   001126                     
  2384                           ;main.c: 138:                 (LATCbits.LATC5 = 0);
  2385   001126  9A8B               	bcf	139,5,c	;volatile
  2386                           
  2387                           ;main.c: 139:                 (LATCbits.LATC4 = 1);
  2388   001128  888B               	bsf	139,4,c	;volatile
  2389   00112A                     
  2390                           ;main.c: 140:                 move_forward();
  2391   00112A  ECF0  F00A         	call	_move_forward	;wreg free
  2392   00112E                     
  2393                           ;main.c: 141:                 wait_ms_with_obstacle_check(10000);
  2394   00112E  0E27               	movlw	39
  2395   001130  6E17               	movwf	(wait_ms_with_obstacle_check@duration_ms+1)^0,c
  2396   001132  0E10               	movlw	16
  2397   001134  6E16               	movwf	wait_ms_with_obstacle_check@duration_ms^0,c
  2398   001136  EC7A  F009         	call	_wait_ms_with_obstacle_check	;wreg free
  2399                           
  2400                           ;main.c: 142:             } else {
  2401   00113A  EFA1  F008         	goto	l1358
  2402   00113E                     l1356:
  2403                           
  2404                           ;main.c: 143:                 stop_all_motors();
  2405   00113E  ECED  F00A         	call	_stop_all_motors	;wreg free
  2406   001142                     l1358:
  2407                           
  2408                           ;main.c: 145:             (LATCbits.LATC5 = 0);
  2409   001142  9A8B               	bcf	139,5,c	;volatile
  2410                           
  2411                           ;main.c: 146:         }
  2412   001144  EFE0  F008         	goto	l1386
  2413   001148                     l1360:
  2414   001148  0E4C               	movlw	76
  2415   00114A  1820               	xorwf	main@cmd^0,w,c
  2416   00114C  B4D8               	btfsc	status,2,c
  2417   00114E  EFAB  F008         	goto	u541
  2418   001152  EFAD  F008         	goto	u540
  2419   001156                     u541:
  2420   001156  EFB6  F008         	goto	l190
  2421   00115A                     u540:
  2422   00115A  0E6C               	movlw	108
  2423   00115C  1820               	xorwf	main@cmd^0,w,c
  2424   00115E  A4D8               	btfss	status,2,c
  2425   001160  EFB4  F008         	goto	u551
  2426   001164  EFB6  F008         	goto	u550
  2427   001168                     u551:
  2428   001168  EFDE  F008         	goto	l1378
  2429   00116C                     u550:
  2430   00116C                     l190:
  2431                           
  2432                           ;main.c: 148:             (LATCbits.LATC5 = 1);
  2433   00116C  8A8B               	bsf	139,5,c	;volatile
  2434   00116E                     
  2435                           ;main.c: 149:             _delay((unsigned long)((2000)*(16000000/4000.0)));
  2436   00116E  0E29               	movlw	41
  2437   001170  6E1D               	movwf	(??_main+1)^0,c
  2438   001172  0E96               	movlw	150
  2439   001174  6E1C               	movwf	??_main^0,c
  2440   001176  0E7F               	movlw	127
  2441   001178                     u597:
  2442   001178  2EE8               	decfsz	wreg,f,c
  2443   00117A  D7FE               	bra	u597
  2444   00117C  2E1C               	decfsz	??_main^0,f,c
  2445   00117E  D7FC               	bra	u597
  2446   001180  2E1D               	decfsz	(??_main+1)^0,f,c
  2447   001182  D7FA               	bra	u597
  2448   001184  0000               	nop	
  2449   001186                     
  2450                           ;main.c: 150:             if (!is_obstacle_detected()) {
  2451   001186  EC23  F00A         	call	_is_obstacle_detected	;wreg free
  2452   00118A  0900               	iorlw	0
  2453   00118C  A4D8               	btfss	status,2,c
  2454   00118E  EFCB  F008         	goto	u561
  2455   001192  EFCD  F008         	goto	u560
  2456   001196                     u561:
  2457   001196  EFD9  F008         	goto	l1374
  2458   00119A                     u560:
  2459   00119A                     
  2460                           ;main.c: 151:                 (LATCbits.LATC5 = 0);
  2461   00119A  9A8B               	bcf	139,5,c	;volatile
  2462                           
  2463                           ;main.c: 152:                 (LATCbits.LATC4 = 1);
  2464   00119C  888B               	bsf	139,4,c	;volatile
  2465   00119E                     
  2466                           ;main.c: 153:                 move_backward();
  2467   00119E  ECF3  F00A         	call	_move_backward	;wreg free
  2468   0011A2                     
  2469                           ;main.c: 154:                 wait_ms_with_obstacle_check(10000);
  2470   0011A2  0E27               	movlw	39
  2471   0011A4  6E17               	movwf	(wait_ms_with_obstacle_check@duration_ms+1)^0,c
  2472   0011A6  0E10               	movlw	16
  2473   0011A8  6E16               	movwf	wait_ms_with_obstacle_check@duration_ms^0,c
  2474   0011AA  EC7A  F009         	call	_wait_ms_with_obstacle_check	;wreg free
  2475                           
  2476                           ;main.c: 155:             } else {
  2477   0011AE  EFDB  F008         	goto	l1376
  2478   0011B2                     l1374:
  2479                           
  2480                           ;main.c: 156:                 stop_all_motors();
  2481   0011B2  ECED  F00A         	call	_stop_all_motors	;wreg free
  2482   0011B6                     l1376:
  2483                           
  2484                           ;main.c: 158:             (LATCbits.LATC5 = 0);
  2485   0011B6  9A8B               	bcf	139,5,c	;volatile
  2486                           
  2487                           ;main.c: 159:         } else if (cmd == 'S' || cmd == 's') {
  2488   0011B8  EFE0  F008         	goto	l1386
  2489   0011BC                     l1378:
  2490   0011BC                     
  2491                           ;main.c: 160:             stop_all_motors();
  2492   0011BC  ECED  F00A         	call	_stop_all_motors	;wreg free
  2493   0011C0                     l1386:
  2494                           
  2495                           ;main.c: 165:         (LATCbits.LATC4 = 0);
  2496   0011C0  988B               	bcf	139,4,c	;volatile
  2497   0011C2                     
  2498                           ;main.c: 166:         (LATCbits.LATC5 = 0);
  2499   0011C2  9A8B               	bcf	139,5,c	;volatile
  2500   0011C4  EF0C  F008         	goto	l1300
  2501   0011C8  EFFE  F03F         	goto	start
  2502   0011CC                     __end_of_main:
  2503                           	callstack 0
  2504                           
  2505 ;; *************** function _wait_ms_with_obstacle_check *****************
  2506 ;; Defined at:
  2507 ;;		line 75 in file "main.c"
  2508 ;; Parameters:    Size  Location     Type
  2509 ;;  duration_ms     2   21[COMRAM] unsigned short 
  2510 ;; Auto vars:     Size  Location     Type
  2511 ;;  elapsed         2   25[COMRAM] unsigned short 
  2512 ;; Return value:  Size  Location     Type
  2513 ;;                  1    wreg      void 
  2514 ;; Registers used:
  2515 ;;		wreg, status,2, status,0, cstack
  2516 ;; Tracked objects:
  2517 ;;		On entry : 0/0
  2518 ;;		On exit  : 0/0
  2519 ;;		Unchanged: 0/0
  2520 ;; Data sizes:     COMRAM   BANK0   BANK1   BANK2   BANK3   BANK4   BANK5   BANK6   BANK7   BANK8   BANK9  BANK10  BANK1
      +1  BANK12  BANK13  BANK14
  2521 ;;      Params:         2       0       0       0       0       0       0       0       0       0       0       0       
      +0       0       0       0
  2522 ;;      Locals:         2       0       0       0       0       0       0       0       0       0       0       0       
      +0       0       0       0
  2523 ;;      Temps:          2       0       0       0       0       0       0       0       0       0       0       0       
      +0       0       0       0
  2524 ;;      Totals:         6       0       0       0       0       0       0       0       0       0       0       0       
      +0       0       0       0
  2525 ;;Total ram usage:        6 bytes
  2526 ;; Hardware stack levels used: 1
  2527 ;; Hardware stack levels required when called: 3
  2528 ;; This function calls:
  2529 ;;		_EUSART1_Write
  2530 ;;		_is_obstacle_detected
  2531 ;;		_stop_all_motors
  2532 ;; This function is called by:
  2533 ;;		_main
  2534 ;; This function uses a non-reentrant model
  2535 ;;
  2536                           
  2537                           	psect	text1
  2538   0012F4                     __ptext1:
  2539                           	callstack 0
  2540   0012F4                     _wait_ms_with_obstacle_check:
  2541                           	callstack 27
  2542   0012F4                     
  2543                           ;main.c: 76:     uint16_t elapsed = 0;
  2544   0012F4  0E00               	movlw	0
  2545   0012F6  6E1B               	movwf	(wait_ms_with_obstacle_check@elapsed+1)^0,c
  2546   0012F8  0E00               	movlw	0
  2547   0012FA  6E1A               	movwf	wait_ms_with_obstacle_check@elapsed^0,c
  2548                           
  2549                           ;main.c: 77:     while (elapsed < duration_ms) {
  2550   0012FC  EFDD  F009         	goto	l1282
  2551   001300                     l1270:
  2552                           
  2553                           ;main.c: 78:         if (is_obstacle_detected()) {
  2554   001300  EC23  F00A         	call	_is_obstacle_detected	;wreg free
  2555   001304  0900               	iorlw	0
  2556   001306  B4D8               	btfsc	status,2,c
  2557   001308  EF88  F009         	goto	u471
  2558   00130C  EF8A  F009         	goto	u470
  2559   001310                     u471:
  2560   001310  EFCD  F009         	goto	l1278
  2561   001314                     u470:
  2562   001314                     
  2563                           ;main.c: 79:             EUSART1_Write('\r'); EUSART1_Write('\n');
  2564   001314  0E0D               	movlw	13
  2565   001316  ECB6  F00A         	call	_EUSART1_Write
  2566   00131A  0E0A               	movlw	10
  2567   00131C  ECB6  F00A         	call	_EUSART1_Write
  2568                           
  2569                           ;main.c: 80:             EUSART1_Write('O'); EUSART1_Write('b'); EUSART1_Write('s');
  2570   001320  0E4F               	movlw	79
  2571   001322  ECB6  F00A         	call	_EUSART1_Write
  2572   001326  0E62               	movlw	98
  2573   001328  ECB6  F00A         	call	_EUSART1_Write
  2574   00132C  0E73               	movlw	115
  2575   00132E  ECB6  F00A         	call	_EUSART1_Write
  2576                           
  2577                           ;main.c: 81:             EUSART1_Write('t'); EUSART1_Write('a'); EUSART1_Write('c');
  2578   001332  0E74               	movlw	116
  2579   001334  ECB6  F00A         	call	_EUSART1_Write
  2580   001338  0E61               	movlw	97
  2581   00133A  ECB6  F00A         	call	_EUSART1_Write
  2582   00133E  0E63               	movlw	99
  2583   001340  ECB6  F00A         	call	_EUSART1_Write
  2584                           
  2585                           ;main.c: 82:             EUSART1_Write('l'); EUSART1_Write('e'); EUSART1_Write(' ');
  2586   001344  0E6C               	movlw	108
  2587   001346  ECB6  F00A         	call	_EUSART1_Write
  2588   00134A  0E65               	movlw	101
  2589   00134C  ECB6  F00A         	call	_EUSART1_Write
  2590   001350  0E20               	movlw	32
  2591   001352  ECB6  F00A         	call	_EUSART1_Write
  2592                           
  2593                           ;main.c: 83:             EUSART1_Write('d'); EUSART1_Write('e'); EUSART1_Write('t');
  2594   001356  0E64               	movlw	100
  2595   001358  ECB6  F00A         	call	_EUSART1_Write
  2596   00135C  0E65               	movlw	101
  2597   00135E  ECB6  F00A         	call	_EUSART1_Write
  2598   001362  0E74               	movlw	116
  2599   001364  ECB6  F00A         	call	_EUSART1_Write
  2600                           
  2601                           ;main.c: 84:             EUSART1_Write('e'); EUSART1_Write('c'); EUSART1_Write('t');
  2602   001368  0E65               	movlw	101
  2603   00136A  ECB6  F00A         	call	_EUSART1_Write
  2604   00136E  0E63               	movlw	99
  2605   001370  ECB6  F00A         	call	_EUSART1_Write
  2606   001374  0E74               	movlw	116
  2607   001376  ECB6  F00A         	call	_EUSART1_Write
  2608                           
  2609                           ;main.c: 85:             EUSART1_Write('e'); EUSART1_Write('d');
  2610   00137A  0E65               	movlw	101
  2611   00137C  ECB6  F00A         	call	_EUSART1_Write
  2612   001380  0E64               	movlw	100
  2613   001382  ECB6  F00A         	call	_EUSART1_Write
  2614                           
  2615                           ;main.c: 86:             EUSART1_Write('\r'); EUSART1_Write('\n');
  2616   001386  0E0D               	movlw	13
  2617   001388  ECB6  F00A         	call	_EUSART1_Write
  2618   00138C  0E0A               	movlw	10
  2619   00138E  ECB6  F00A         	call	_EUSART1_Write
  2620   001392                     
  2621                           ;main.c: 92:             stop_all_motors();
  2622   001392  ECED  F00A         	call	_stop_all_motors	;wreg free
  2623   001396  EFE8  F009         	goto	l171
  2624   00139A                     l1278:
  2625                           
  2626                           ;main.c: 95:         _delay((unsigned long)((50)*(16000000/4000.0)));
  2627   00139A  0E02               	movlw	2
  2628   00139C  6E19               	movwf	(??_wait_ms_with_obstacle_check+1)^0,c
  2629   00139E  0E04               	movlw	4
  2630   0013A0  6E18               	movwf	??_wait_ms_with_obstacle_check^0,c
  2631   0013A2  0EBA               	movlw	186
  2632   0013A4                     u607:
  2633   0013A4  2EE8               	decfsz	wreg,f,c
  2634   0013A6  D7FE               	bra	u607
  2635   0013A8  2E18               	decfsz	??_wait_ms_with_obstacle_check^0,f,c
  2636   0013AA  D7FC               	bra	u607
  2637   0013AC  2E19               	decfsz	(??_wait_ms_with_obstacle_check+1)^0,f,c
  2638   0013AE  D7FA               	bra	u607
  2639   0013B0  D000               	nop2	
  2640   0013B2                     
  2641                           ;main.c: 96:         elapsed += 50;
  2642   0013B2  0E32               	movlw	50
  2643   0013B4  261A               	addwf	wait_ms_with_obstacle_check@elapsed^0,f,c
  2644   0013B6  0E00               	movlw	0
  2645   0013B8  221B               	addwfc	(wait_ms_with_obstacle_check@elapsed+1)^0,f,c
  2646   0013BA                     l1282:
  2647                           
  2648                           ;main.c: 77:     while (elapsed < duration_ms) {
  2649   0013BA  5016               	movf	wait_ms_with_obstacle_check@duration_ms^0,w,c
  2650   0013BC  5C1A               	subwf	wait_ms_with_obstacle_check@elapsed^0,w,c
  2651   0013BE  5017               	movf	(wait_ms_with_obstacle_check@duration_ms+1)^0,w,c
  2652   0013C0  581B               	subwfb	(wait_ms_with_obstacle_check@elapsed+1)^0,w,c
  2653   0013C2  A0D8               	btfss	status,0,c
  2654   0013C4  EFE6  F009         	goto	u481
  2655   0013C8  EFE8  F009         	goto	u480
  2656   0013CC                     u481:
  2657   0013CC  EF80  F009         	goto	l1270
  2658   0013D0                     u480:
  2659   0013D0                     l171:
  2660   0013D0  0012               	return		;funcret
  2661   0013D2                     __end_of_wait_ms_with_obstacle_check:
  2662                           	callstack 0
  2663                           
  2664 ;; *************** function _stop_all_motors *****************
  2665 ;; Defined at:
  2666 ;;		line 69 in file "main.c"
  2667 ;; Parameters:    Size  Location     Type
  2668 ;;		None
  2669 ;; Auto vars:     Size  Location     Type
  2670 ;;		None
  2671 ;; Return value:  Size  Location     Type
  2672 ;;                  1    wreg      void 
  2673 ;; Registers used:
  2674 ;;		None
  2675 ;; Tracked objects:
  2676 ;;		On entry : 0/0
  2677 ;;		On exit  : 0/0
  2678 ;;		Unchanged: 0/0
  2679 ;; Data sizes:     COMRAM   BANK0   BANK1   BANK2   BANK3   BANK4   BANK5   BANK6   BANK7   BANK8   BANK9  BANK10  BANK1
      +1  BANK12  BANK13  BANK14
  2680 ;;      Params:         0       0       0       0       0       0       0       0       0       0       0       0       
      +0       0       0       0
  2681 ;;      Locals:         0       0       0       0       0       0       0       0       0       0       0       0       
      +0       0       0       0
  2682 ;;      Temps:          0       0       0       0       0       0       0       0       0       0       0       0       
      +0       0       0       0
  2683 ;;      Totals:         0       0       0       0       0       0       0       0       0       0       0       0       
      +0       0       0       0
  2684 ;;Total ram usage:        0 bytes
  2685 ;; Hardware stack levels used: 1
  2686 ;; This function calls:
  2687 ;;		Nothing
  2688 ;; This function is called by:
  2689 ;;		_wait_ms_with_obstacle_check
  2690 ;;		_main
  2691 ;; This function uses a non-reentrant model
  2692 ;;
  2693                           
  2694                           	psect	text2
  2695   0015DA                     __ptext2:
  2696                           	callstack 0
  2697   0015DA                     _stop_all_motors:
  2698                           	callstack 29
  2699   0015DA                     
  2700                           ;main.c: 70:     LATD = 0x00;
  2701   0015DA  6A8C               	clrf	140,c	;volatile
  2702                           
  2703                           ;main.c: 71:     (LATCbits.LATC4 = 0);
  2704   0015DC  988B               	bcf	139,4,c	;volatile
  2705   0015DE  0012               	return		;funcret
  2706   0015E0                     __end_of_stop_all_motors:
  2707                           	callstack 0
  2708                           
  2709 ;; *************** function _is_obstacle_detected *****************
  2710 ;; Defined at:
  2711 ;;		line 55 in file "main.c"
  2712 ;; Parameters:    Size  Location     Type
  2713 ;;		None
  2714 ;; Auto vars:     Size  Location     Type
  2715 ;;  dist2           2   18[COMRAM] unsigned short 
  2716 ;;  dist1           2   16[COMRAM] unsigned short 
  2717 ;; Return value:  Size  Location     Type
  2718 ;;                  1    wreg      _Bool 
  2719 ;; Registers used:
  2720 ;;		wreg, status,2, status,0, cstack
  2721 ;; Tracked objects:
  2722 ;;		On entry : 0/0
  2723 ;;		On exit  : 0/0
  2724 ;;		Unchanged: 0/0
  2725 ;; Data sizes:     COMRAM   BANK0   BANK1   BANK2   BANK3   BANK4   BANK5   BANK6   BANK7   BANK8   BANK9  BANK10  BANK1
      +1  BANK12  BANK13  BANK14
  2726 ;;      Params:         0       0       0       0       0       0       0       0       0       0       0       0       
      +0       0       0       0
  2727 ;;      Locals:         5       0       0       0       0       0       0       0       0       0       0       0       
      +0       0       0       0
  2728 ;;      Temps:          0       0       0       0       0       0       0       0       0       0       0       0       
      +0       0       0       0
  2729 ;;      Totals:         5       0       0       0       0       0       0       0       0       0       0       0       
      +0       0       0       0
  2730 ;;Total ram usage:        5 bytes
  2731 ;; Hardware stack levels used: 1
  2732 ;; Hardware stack levels required when called: 2
  2733 ;; This function calls:
  2734 ;;		_measure_distance_cm
  2735 ;; This function is called by:
  2736 ;;		_wait_ms_with_obstacle_check
  2737 ;;		_main
  2738 ;; This function uses a non-reentrant model
  2739 ;;
  2740                           
  2741                           	psect	text3
  2742   001446                     __ptext3:
  2743                           	callstack 0
  2744   001446                     _is_obstacle_detected:
  2745                           	callstack 27
  2746   001446                     
  2747                           ;main.c: 56:     uint16_t dist1 = measure_distance_cm(0, 1);
  2748   001446  0E01               	movlw	1
  2749   001448  6E08               	movwf	measure_distance_cm@echoPin^0,c
  2750   00144A  0E00               	movlw	0
  2751   00144C  ECE6  F008         	call	_measure_distance_cm
  2752   001450  C008  F011         	movff	?_measure_distance_cm,is_obstacle_detected@dist1
  2753   001454  C009  F012         	movff	?_measure_distance_cm+1,is_obstacle_detected@dist1+1
  2754                           
  2755                           ;main.c: 57:     uint16_t dist2 = measure_distance_cm(2, 3);
  2756   001458  0E03               	movlw	3
  2757   00145A  6E08               	movwf	measure_distance_cm@echoPin^0,c
  2758   00145C  0E02               	movlw	2
  2759   00145E  ECE6  F008         	call	_measure_distance_cm
  2760   001462  C008  F013         	movff	?_measure_distance_cm,is_obstacle_detected@dist2
  2761   001466  C009  F014         	movff	?_measure_distance_cm+1,is_obstacle_detected@dist2+1
  2762   00146A                     
  2763                           ;main.c: 58:     return (dist1 < 20 || dist2 < 20);
  2764   00146A  0E01               	movlw	1
  2765   00146C  6E15               	movwf	_is_obstacle_detected$444^0,c
  2766   00146E  5012               	movf	(is_obstacle_detected@dist1+1)^0,w,c
  2767   001470  E109               	bnz	u450
  2768   001472  0E14               	movlw	20
  2769   001474  5C11               	subwf	is_obstacle_detected@dist1^0,w,c
  2770   001476  A0D8               	btfss	status,0,c
  2771   001478  EF40  F00A         	goto	u451
  2772   00147C  EF42  F00A         	goto	u450
  2773   001480                     u451:
  2774   001480  EF4E  F00A         	goto	l1260
  2775   001484                     u450:
  2776   001484  5014               	movf	(is_obstacle_detected@dist2+1)^0,w,c
  2777   001486  E109               	bnz	u460
  2778   001488  0E14               	movlw	20
  2779   00148A  5C13               	subwf	is_obstacle_detected@dist2^0,w,c
  2780   00148C  A0D8               	btfss	status,0,c
  2781   00148E  EF4B  F00A         	goto	u461
  2782   001492  EF4D  F00A         	goto	u460
  2783   001496                     u461:
  2784   001496  EF4E  F00A         	goto	l1260
  2785   00149A                     u460:
  2786   00149A  6A15               	clrf	_is_obstacle_detected$444^0,c
  2787   00149C                     l1260:
  2788   00149C  5015               	movf	_is_obstacle_detected$444^0,w,c
  2789   00149E  0012               	return		;funcret
  2790   0014A0                     __end_of_is_obstacle_detected:
  2791                           	callstack 0
  2792                           
  2793 ;; *************** function _measure_distance_cm *****************
  2794 ;; Defined at:
  2795 ;;		line 36 in file "main.c"
  2796 ;; Parameters:    Size  Location     Type
  2797 ;;  trigPin         1    wreg     unsigned char 
  2798 ;;  echoPin         1    7[COMRAM] unsigned char 
  2799 ;; Auto vars:     Size  Location     Type
  2800 ;;  trigPin         1   13[COMRAM] unsigned char 
  2801 ;;  timeout         2   14[COMRAM] unsigned short 
  2802 ;;  time            2   11[COMRAM] unsigned short 
  2803 ;; Return value:  Size  Location     Type
  2804 ;;                  2    7[COMRAM] unsigned short 
  2805 ;; Registers used:
  2806 ;;		wreg, status,2, status,0, cstack
  2807 ;; Tracked objects:
  2808 ;;		On entry : 0/0
  2809 ;;		On exit  : 0/0
  2810 ;;		Unchanged: 0/0
  2811 ;; Data sizes:     COMRAM   BANK0   BANK1   BANK2   BANK3   BANK4   BANK5   BANK6   BANK7   BANK8   BANK9  BANK10  BANK1
      +1  BANK12  BANK13  BANK14
  2812 ;;      Params:         2       0       0       0       0       0       0       0       0       0       0       0       
      +0       0       0       0
  2813 ;;      Locals:         5       0       0       0       0       0       0       0       0       0       0       0       
      +0       0       0       0
  2814 ;;      Temps:          2       0       0       0       0       0       0       0       0       0       0       0       
      +0       0       0       0
  2815 ;;      Totals:         9       0       0       0       0       0       0       0       0       0       0       0       
      +0       0       0       0
  2816 ;;Total ram usage:        9 bytes
  2817 ;; Hardware stack levels used: 1
  2818 ;; Hardware stack levels required when called: 1
  2819 ;; This function calls:
  2820 ;;		___lwdiv
  2821 ;;		_trigger_ultrasonic
  2822 ;; This function is called by:
  2823 ;;		_is_obstacle_detected
  2824 ;; This function uses a non-reentrant model
  2825 ;;
  2826                           
  2827                           	psect	text4
  2828   0011CC                     __ptext4:
  2829                           	callstack 0
  2830   0011CC                     _measure_distance_cm:
  2831                           	callstack 27
  2832                           
  2833                           ;incstack = 0
  2834                           ;measure_distance_cm@trigPin stored from wreg
  2835   0011CC  6E0E               	movwf	measure_distance_cm@trigPin^0,c
  2836   0011CE                     
  2837                           ;main.c: 37:     uint16_t timeout = 0;
  2838   0011CE  0E00               	movlw	0
  2839   0011D0  6E10               	movwf	(measure_distance_cm@timeout+1)^0,c
  2840   0011D2  0E00               	movlw	0
  2841   0011D4  6E0F               	movwf	measure_distance_cm@timeout^0,c
  2842   0011D6                     
  2843                           ;main.c: 39:     trigger_ultrasonic(trigPin);
  2844   0011D6  500E               	movf	measure_distance_cm@trigPin^0,w,c
  2845   0011D8  EC50  F00A         	call	_trigger_ultrasonic
  2846   0011DC                     l1218:
  2847   0011DC  C008  F00A         	movff	measure_distance_cm@echoPin,??_measure_distance_cm
  2848   0011E0  0E01               	movlw	1
  2849   0011E2  6E0B               	movwf	(??_measure_distance_cm+1)^0,c
  2850   0011E4  2A0A               	incf	??_measure_distance_cm^0,f,c
  2851   0011E6  EFF7  F008         	goto	u374
  2852   0011EA                     u375:
  2853   0011EA  90D8               	bcf	status,0,c
  2854   0011EC  360B               	rlcf	(??_measure_distance_cm+1)^0,f,c
  2855   0011EE                     u374:
  2856   0011EE  2E0A               	decfsz	??_measure_distance_cm^0,f,c
  2857   0011F0  EFF5  F008         	goto	u375
  2858   0011F4  500B               	movf	(??_measure_distance_cm+1)^0,w,c
  2859   0011F6  1482               	andwf	130,w,c	;volatile
  2860   0011F8  0900               	iorlw	0
  2861   0011FA  A4D8               	btfss	status,2,c
  2862   0011FC  EF02  F009         	goto	u381
  2863   001200  EF04  F009         	goto	u380
  2864   001204                     u381:
  2865   001204  EF15  F009         	goto	l1222
  2866   001208                     u380:
  2867   001208  500F               	movf	measure_distance_cm@timeout^0,w,c
  2868   00120A  6E0A               	movwf	??_measure_distance_cm^0,c
  2869   00120C  5010               	movf	(measure_distance_cm@timeout+1)^0,w,c
  2870   00120E  6E0B               	movwf	(??_measure_distance_cm+1)^0,c
  2871   001210  4A0F               	infsnz	measure_distance_cm@timeout^0,f,c
  2872   001212  2A10               	incf	(measure_distance_cm@timeout+1)^0,f,c
  2873   001214  0E60               	movlw	96
  2874   001216  5C0A               	subwf	??_measure_distance_cm^0,w,c
  2875   001218  0EEA               	movlw	234
  2876   00121A  580B               	subwfb	(??_measure_distance_cm+1)^0,w,c
  2877   00121C  A0D8               	btfss	status,0,c
  2878   00121E  EF13  F009         	goto	u391
  2879   001222  EF15  F009         	goto	u390
  2880   001226                     u391:
  2881   001226  EFEE  F008         	goto	l1218
  2882   00122A                     u390:
  2883   00122A                     l1222:
  2884                           
  2885                           ;main.c: 42:     if (!(PORTC & (1 << echoPin))) return 999;
  2886   00122A  C008  F00A         	movff	measure_distance_cm@echoPin,??_measure_distance_cm
  2887   00122E  0E01               	movlw	1
  2888   001230  6E0B               	movwf	(??_measure_distance_cm+1)^0,c
  2889   001232  2A0A               	incf	??_measure_distance_cm^0,f,c
  2890   001234  EF1E  F009         	goto	u404
  2891   001238                     u405:
  2892   001238  90D8               	bcf	status,0,c
  2893   00123A  360B               	rlcf	(??_measure_distance_cm+1)^0,f,c
  2894   00123C                     u404:
  2895   00123C  2E0A               	decfsz	??_measure_distance_cm^0,f,c
  2896   00123E  EF1C  F009         	goto	u405
  2897   001242  500B               	movf	(??_measure_distance_cm+1)^0,w,c
  2898   001244  1482               	andwf	130,w,c	;volatile
  2899   001246  0900               	iorlw	0
  2900   001248  A4D8               	btfss	status,2,c
  2901   00124A  EF29  F009         	goto	u411
  2902   00124E  EF2B  F009         	goto	u410
  2903   001252                     u411:
  2904   001252  EF31  F009         	goto	l145
  2905   001256                     u410:
  2906   001256  0E03               	movlw	3
  2907   001258  6E09               	movwf	(?_measure_distance_cm+1)^0,c
  2908   00125A  0EE7               	movlw	231
  2909   00125C  6E08               	movwf	?_measure_distance_cm^0,c
  2910   00125E  EF79  F009         	goto	l146
  2911   001262                     l145:
  2912                           
  2913                           ;main.c: 44:     TMR1H = 0; TMR1L = 0;
  2914   001262  6ACF               	clrf	207,c	;volatile
  2915   001264  6ACE               	clrf	206,c	;volatile
  2916                           
  2917                           ;main.c: 45:     T1CONbits.TMR1ON = 1;
  2918   001266  80CD               	bsf	205,0,c	;volatile
  2919   001268                     
  2920                           ;main.c: 46:     timeout = 0;
  2921   001268  0E00               	movlw	0
  2922   00126A  6E10               	movwf	(measure_distance_cm@timeout+1)^0,c
  2923   00126C  0E00               	movlw	0
  2924   00126E  6E0F               	movwf	measure_distance_cm@timeout^0,c
  2925   001270                     l1230:
  2926   001270  C008  F00A         	movff	measure_distance_cm@echoPin,??_measure_distance_cm
  2927   001274  0E01               	movlw	1
  2928   001276  6E0B               	movwf	(??_measure_distance_cm+1)^0,c
  2929   001278  2A0A               	incf	??_measure_distance_cm^0,f,c
  2930   00127A  EF41  F009         	goto	u424
  2931   00127E                     u425:
  2932   00127E  90D8               	bcf	status,0,c
  2933   001280  360B               	rlcf	(??_measure_distance_cm+1)^0,f,c
  2934   001282                     u424:
  2935   001282  2E0A               	decfsz	??_measure_distance_cm^0,f,c
  2936   001284  EF3F  F009         	goto	u425
  2937   001288  500B               	movf	(??_measure_distance_cm+1)^0,w,c
  2938   00128A  1482               	andwf	130,w,c	;volatile
  2939   00128C  0900               	iorlw	0
  2940   00128E  B4D8               	btfsc	status,2,c
  2941   001290  EF4C  F009         	goto	u431
  2942   001294  EF4E  F009         	goto	u430
  2943   001298                     u431:
  2944   001298  EF5F  F009         	goto	l151
  2945   00129C                     u430:
  2946   00129C  500F               	movf	measure_distance_cm@timeout^0,w,c
  2947   00129E  6E0A               	movwf	??_measure_distance_cm^0,c
  2948   0012A0  5010               	movf	(measure_distance_cm@timeout+1)^0,w,c
  2949   0012A2  6E0B               	movwf	(??_measure_distance_cm+1)^0,c
  2950   0012A4  4A0F               	infsnz	measure_distance_cm@timeout^0,f,c
  2951   0012A6  2A10               	incf	(measure_distance_cm@timeout+1)^0,f,c
  2952   0012A8  0E60               	movlw	96
  2953   0012AA  5C0A               	subwf	??_measure_distance_cm^0,w,c
  2954   0012AC  0EEA               	movlw	234
  2955   0012AE  580B               	subwfb	(??_measure_distance_cm+1)^0,w,c
  2956   0012B0  A0D8               	btfss	status,0,c
  2957   0012B2  EF5D  F009         	goto	u441
  2958   0012B6  EF5F  F009         	goto	u440
  2959   0012BA                     u441:
  2960   0012BA  EF38  F009         	goto	l1230
  2961   0012BE                     u440:
  2962   0012BE                     l151:
  2963                           
  2964                           ;main.c: 49:     T1CONbits.TMR1ON = 0;
  2965   0012BE  90CD               	bcf	205,0,c	;volatile
  2966   0012C0                     
  2967                           ;main.c: 51:     uint16_t time = (TMR1H << 8) | TMR1L;
  2968   0012C0  50CE               	movf	206,w,c	;volatile
  2969   0012C2  CFCF F00A          	movff	4047,??_measure_distance_cm	;volatile
  2970   0012C6  6A0B               	clrf	(??_measure_distance_cm+1)^0,c
  2971   0012C8  C00A  F00B         	movff	??_measure_distance_cm,??_measure_distance_cm+1
  2972   0012CC  6A0A               	clrf	??_measure_distance_cm^0,c
  2973   0012CE  100A               	iorwf	??_measure_distance_cm^0,w,c
  2974   0012D0  6E0C               	movwf	measure_distance_cm@time^0,c
  2975   0012D2  500B               	movf	(??_measure_distance_cm+1)^0,w,c
  2976   0012D4  6E0D               	movwf	(measure_distance_cm@time+1)^0,c
  2977   0012D6                     
  2978                           ;main.c: 52:     return time / 145;
  2979   0012D6  C00C  F001         	movff	measure_distance_cm@time,___lwdiv@dividend
  2980   0012DA  C00D  F002         	movff	measure_distance_cm@time+1,___lwdiv@dividend+1
  2981   0012DE  0E00               	movlw	0
  2982   0012E0  6E04               	movwf	(___lwdiv@divisor+1)^0,c
  2983   0012E2  0E91               	movlw	145
  2984   0012E4  6E03               	movwf	___lwdiv@divisor^0,c
  2985   0012E6  ECE9  F009         	call	___lwdiv	;wreg free
  2986   0012EA  C001  F008         	movff	?___lwdiv,?_measure_distance_cm
  2987   0012EE  C002  F009         	movff	?___lwdiv+1,?_measure_distance_cm+1
  2988   0012F2                     l146:
  2989   0012F2  0012               	return		;funcret
  2990   0012F4                     __end_of_measure_distance_cm:
  2991                           	callstack 0
  2992                           
  2993 ;; *************** function _trigger_ultrasonic *****************
  2994 ;; Defined at:
  2995 ;;		line 30 in file "main.c"
  2996 ;; Parameters:    Size  Location     Type
  2997 ;;  trigPin         1    wreg     unsigned char 
  2998 ;; Auto vars:     Size  Location     Type
  2999 ;;  trigPin         1    2[COMRAM] unsigned char 
  3000 ;; Return value:  Size  Location     Type
  3001 ;;                  1    wreg      void 
  3002 ;; Registers used:
  3003 ;;		wreg, status,2, status,0
  3004 ;; Tracked objects:
  3005 ;;		On entry : 0/0
  3006 ;;		On exit  : 0/0
  3007 ;;		Unchanged: 0/0
  3008 ;; Data sizes:     COMRAM   BANK0   BANK1   BANK2   BANK3   BANK4   BANK5   BANK6   BANK7   BANK8   BANK9  BANK10  BANK1
      +1  BANK12  BANK13  BANK14
  3009 ;;      Params:         0       0       0       0       0       0       0       0       0       0       0       0       
      +0       0       0       0
  3010 ;;      Locals:         1       0       0       0       0       0       0       0       0       0       0       0       
      +0       0       0       0
  3011 ;;      Temps:          2       0       0       0       0       0       0       0       0       0       0       0       
      +0       0       0       0
  3012 ;;      Totals:         3       0       0       0       0       0       0       0       0       0       0       0       
      +0       0       0       0
  3013 ;;Total ram usage:        3 bytes
  3014 ;; Hardware stack levels used: 1
  3015 ;; This function calls:
  3016 ;;		Nothing
  3017 ;; This function is called by:
  3018 ;;		_measure_distance_cm
  3019 ;; This function uses a non-reentrant model
  3020 ;;
  3021                           
  3022                           	psect	text5
  3023   0014A0                     __ptext5:
  3024                           	callstack 0
  3025   0014A0                     _trigger_ultrasonic:
  3026                           	callstack 27
  3027                           
  3028                           ;incstack = 0
  3029                           ;trigger_ultrasonic@trigPin stored from wreg
  3030   0014A0  6E03               	movwf	trigger_ultrasonic@trigPin^0,c
  3031   0014A2                     
  3032                           ;main.c: 31:     LATC |= (1 << trigPin);
  3033   0014A2  C003  F001         	movff	trigger_ultrasonic@trigPin,??_trigger_ultrasonic
  3034   0014A6  0E01               	movlw	1
  3035   0014A8  6E02               	movwf	(??_trigger_ultrasonic+1)^0,c
  3036   0014AA  2A01               	incf	??_trigger_ultrasonic^0,f,c
  3037   0014AC  EF5A  F00A         	goto	u324
  3038   0014B0                     u325:
  3039   0014B0  90D8               	bcf	status,0,c
  3040   0014B2  3602               	rlcf	(??_trigger_ultrasonic+1)^0,f,c
  3041   0014B4                     u324:
  3042   0014B4  2E01               	decfsz	??_trigger_ultrasonic^0,f,c
  3043   0014B6  EF58  F00A         	goto	u325
  3044   0014BA  5002               	movf	(??_trigger_ultrasonic+1)^0,w,c
  3045   0014BC  128B               	iorwf	139,f,c	;volatile
  3046   0014BE                     
  3047                           ;main.c: 32:     _delay((unsigned long)((10)*(16000000/4000000.0)));
  3048   0014BE  0E0D               	movlw	13
  3049   0014C0                     u617:
  3050   0014C0  2EE8               	decfsz	wreg,f,c
  3051   0014C2  D7FE               	bra	u617
  3052   0014C4  0000               	nop	
  3053   0014C6                     
  3054                           ;main.c: 33:     LATC &= ~(1 << trigPin);
  3055   0014C6  C003  F001         	movff	trigger_ultrasonic@trigPin,??_trigger_ultrasonic
  3056   0014CA  0E01               	movlw	1
  3057   0014CC  6E02               	movwf	(??_trigger_ultrasonic+1)^0,c
  3058   0014CE  2A01               	incf	??_trigger_ultrasonic^0,f,c
  3059   0014D0  EF6C  F00A         	goto	u334
  3060   0014D4                     u335:
  3061   0014D4  90D8               	bcf	status,0,c
  3062   0014D6  3602               	rlcf	(??_trigger_ultrasonic+1)^0,f,c
  3063   0014D8                     u334:
  3064   0014D8  2E01               	decfsz	??_trigger_ultrasonic^0,f,c
  3065   0014DA  EF6A  F00A         	goto	u335
  3066   0014DE  5002               	movf	(??_trigger_ultrasonic+1)^0,w,c
  3067   0014E0  0AFF               	xorlw	255
  3068   0014E2  168B               	andwf	139,f,c	;volatile
  3069   0014E4  0012               	return		;funcret
  3070   0014E6                     __end_of_trigger_ultrasonic:
  3071                           	callstack 0
  3072                           
  3073 ;; *************** function ___lwdiv *****************
  3074 ;; Defined at:
  3075 ;;		line 7 in file "C:\Program Files\Microchip\xc8\v3.00\pic\sources\c99\common\lwdiv.c"
  3076 ;; Parameters:    Size  Location     Type
  3077 ;;  dividend        2    0[COMRAM] unsigned int 
  3078 ;;  divisor         2    2[COMRAM] unsigned int 
  3079 ;; Auto vars:     Size  Location     Type
  3080 ;;  quotient        2    4[COMRAM] unsigned int 
  3081 ;;  counter         1    6[COMRAM] unsigned char 
  3082 ;; Return value:  Size  Location     Type
  3083 ;;                  2    0[COMRAM] unsigned int 
  3084 ;; Registers used:
  3085 ;;		wreg, status,2, status,0
  3086 ;; Tracked objects:
  3087 ;;		On entry : 0/0
  3088 ;;		On exit  : 0/0
  3089 ;;		Unchanged: 0/0
  3090 ;; Data sizes:     COMRAM   BANK0   BANK1   BANK2   BANK3   BANK4   BANK5   BANK6   BANK7   BANK8   BANK9  BANK10  BANK1
      +1  BANK12  BANK13  BANK14
  3091 ;;      Params:         4       0       0       0       0       0       0       0       0       0       0       0       
      +0       0       0       0
  3092 ;;      Locals:         3       0       0       0       0       0       0       0       0       0       0       0       
      +0       0       0       0
  3093 ;;      Temps:          0       0       0       0       0       0       0       0       0       0       0       0       
      +0       0       0       0
  3094 ;;      Totals:         7       0       0       0       0       0       0       0       0       0       0       0       
      +0       0       0       0
  3095 ;;Total ram usage:        7 bytes
  3096 ;; Hardware stack levels used: 1
  3097 ;; This function calls:
  3098 ;;		Nothing
  3099 ;; This function is called by:
  3100 ;;		_measure_distance_cm
  3101 ;; This function uses a non-reentrant model
  3102 ;;
  3103                           
  3104                           	psect	text6
  3105   0013D2                     __ptext6:
  3106                           	callstack 0
  3107   0013D2                     ___lwdiv:
  3108                           	callstack 27
  3109   0013D2  0E00               	movlw	0
  3110   0013D4  6E06               	movwf	(___lwdiv@quotient+1)^0,c
  3111   0013D6  0E00               	movlw	0
  3112   0013D8  6E05               	movwf	___lwdiv@quotient^0,c
  3113   0013DA  5003               	movf	___lwdiv@divisor^0,w,c
  3114   0013DC  1004               	iorwf	(___lwdiv@divisor+1)^0,w,c
  3115   0013DE  B4D8               	btfsc	status,2,c
  3116   0013E0  EFF4  F009         	goto	u341
  3117   0013E4  EFF6  F009         	goto	u340
  3118   0013E8                     u341:
  3119   0013E8  EF1E  F00A         	goto	l730
  3120   0013EC                     u340:
  3121   0013EC  0E01               	movlw	1
  3122   0013EE  6E07               	movwf	___lwdiv@counter^0,c
  3123   0013F0  EFFE  F009         	goto	l1194
  3124   0013F4                     l1192:
  3125   0013F4  90D8               	bcf	status,0,c
  3126   0013F6  3603               	rlcf	___lwdiv@divisor^0,f,c
  3127   0013F8  3604               	rlcf	(___lwdiv@divisor+1)^0,f,c
  3128   0013FA  2A07               	incf	___lwdiv@counter^0,f,c
  3129   0013FC                     l1194:
  3130   0013FC  AE04               	btfss	(___lwdiv@divisor+1)^0,7,c
  3131   0013FE  EF03  F00A         	goto	u351
  3132   001402  EF05  F00A         	goto	u350
  3133   001406                     u351:
  3134   001406  EFFA  F009         	goto	l1192
  3135   00140A                     u350:
  3136   00140A                     l1196:
  3137   00140A  90D8               	bcf	status,0,c
  3138   00140C  3605               	rlcf	___lwdiv@quotient^0,f,c
  3139   00140E  3606               	rlcf	(___lwdiv@quotient+1)^0,f,c
  3140   001410  5003               	movf	___lwdiv@divisor^0,w,c
  3141   001412  5C01               	subwf	___lwdiv@dividend^0,w,c
  3142   001414  5004               	movf	(___lwdiv@divisor+1)^0,w,c
  3143   001416  5802               	subwfb	(___lwdiv@dividend+1)^0,w,c
  3144   001418  A0D8               	btfss	status,0,c
  3145   00141A  EF11  F00A         	goto	u361
  3146   00141E  EF13  F00A         	goto	u360
  3147   001422                     u361:
  3148   001422  EF18  F00A         	goto	l1204
  3149   001426                     u360:
  3150   001426  5003               	movf	___lwdiv@divisor^0,w,c
  3151   001428  5E01               	subwf	___lwdiv@dividend^0,f,c
  3152   00142A  5004               	movf	(___lwdiv@divisor+1)^0,w,c
  3153   00142C  5A02               	subwfb	(___lwdiv@dividend+1)^0,f,c
  3154   00142E  8005               	bsf	___lwdiv@quotient^0,0,c
  3155   001430                     l1204:
  3156   001430  90D8               	bcf	status,0,c
  3157   001432  3204               	rrcf	(___lwdiv@divisor+1)^0,f,c
  3158   001434  3203               	rrcf	___lwdiv@divisor^0,f,c
  3159   001436  2E07               	decfsz	___lwdiv@counter^0,f,c
  3160   001438  EF05  F00A         	goto	l1196
  3161   00143C                     l730:
  3162   00143C  C005  F001         	movff	___lwdiv@quotient,?___lwdiv
  3163   001440  C006  F002         	movff	___lwdiv@quotient+1,?___lwdiv+1
  3164   001444  0012               	return		;funcret
  3165   001446                     __end_of___lwdiv:
  3166                           	callstack 0
  3167                           
  3168 ;; *************** function _EUSART1_Write *****************
  3169 ;; Defined at:
  3170 ;;		line 132 in file "mcc_generated_files/eusart1.c"
  3171 ;; Parameters:    Size  Location     Type
  3172 ;;  txData          1    wreg     unsigned char 
  3173 ;; Auto vars:     Size  Location     Type
  3174 ;;  txData          1    0[COMRAM] unsigned char 
  3175 ;; Return value:  Size  Location     Type
  3176 ;;                  1    wreg      void 
  3177 ;; Registers used:
  3178 ;;		wreg
  3179 ;; Tracked objects:
  3180 ;;		On entry : 0/0
  3181 ;;		On exit  : 0/0
  3182 ;;		Unchanged: 0/0
  3183 ;; Data sizes:     COMRAM   BANK0   BANK1   BANK2   BANK3   BANK4   BANK5   BANK6   BANK7   BANK8   BANK9  BANK10  BANK1
      +1  BANK12  BANK13  BANK14
  3184 ;;      Params:         0       0       0       0       0       0       0       0       0       0       0       0       
      +0       0       0       0
  3185 ;;      Locals:         1       0       0       0       0       0       0       0       0       0       0       0       
      +0       0       0       0
  3186 ;;      Temps:          0       0       0       0       0       0       0       0       0       0       0       0       
      +0       0       0       0
  3187 ;;      Totals:         1       0       0       0       0       0       0       0       0       0       0       0       
      +0       0       0       0
  3188 ;;Total ram usage:        1 bytes
  3189 ;; Hardware stack levels used: 1
  3190 ;; This function calls:
  3191 ;;		Nothing
  3192 ;; This function is called by:
  3193 ;;		_wait_ms_with_obstacle_check
  3194 ;;		_main
  3195 ;; This function uses a non-reentrant model
  3196 ;;
  3197                           
  3198                           	psect	text7
  3199   00156C                     __ptext7:
  3200                           	callstack 0
  3201   00156C                     _EUSART1_Write:
  3202                           	callstack 29
  3203                           
  3204                           ;incstack = 0
  3205                           ;EUSART1_Write@txData stored from wreg
  3206   00156C  6E01               	movwf	EUSART1_Write@txData^0,c
  3207   00156E                     l87:
  3208                           
  3209                           ;mcc_generated_files/eusart1.c: 134:     while(0 == PIR1bits.TX1IF)
  3210   00156E  A89E               	btfss	158,4,c	;volatile
  3211   001570  EFBC  F00A         	goto	u141
  3212   001574  EFBE  F00A         	goto	u140
  3213   001578                     u141:
  3214   001578  EFB7  F00A         	goto	l87
  3215   00157C                     u140:
  3216   00157C                     
  3217                           ;mcc_generated_files/eusart1.c: 138:     TXREG1 = txData;
  3218   00157C  C001  FFAD         	movff	EUSART1_Write@txData,4013	;volatile
  3219   001580  0012               	return		;funcret
  3220   001582                     __end_of_EUSART1_Write:
  3221                           	callstack 0
  3222                           
  3223 ;; *************** function _move_forward *****************
  3224 ;; Defined at:
  3225 ;;		line 61 in file "main.c"
  3226 ;; Parameters:    Size  Location     Type
  3227 ;;		None
  3228 ;; Auto vars:     Size  Location     Type
  3229 ;;		None
  3230 ;; Return value:  Size  Location     Type
  3231 ;;                  1    wreg      void 
  3232 ;; Registers used:
  3233 ;;		wreg, status,2
  3234 ;; Tracked objects:
  3235 ;;		On entry : 0/0
  3236 ;;		On exit  : 0/0
  3237 ;;		Unchanged: 0/0
  3238 ;; Data sizes:     COMRAM   BANK0   BANK1   BANK2   BANK3   BANK4   BANK5   BANK6   BANK7   BANK8   BANK9  BANK10  BANK1
      +1  BANK12  BANK13  BANK14
  3239 ;;      Params:         0       0       0       0       0       0       0       0       0       0       0       0       
      +0       0       0       0
  3240 ;;      Locals:         0       0       0       0       0       0       0       0       0       0       0       0       
      +0       0       0       0
  3241 ;;      Temps:          0       0       0       0       0       0       0       0       0       0       0       0       
      +0       0       0       0
  3242 ;;      Totals:         0       0       0       0       0       0       0       0       0       0       0       0       
      +0       0       0       0
  3243 ;;Total ram usage:        0 bytes
  3244 ;; Hardware stack levels used: 1
  3245 ;; This function calls:
  3246 ;;		Nothing
  3247 ;; This function is called by:
  3248 ;;		_main
  3249 ;; This function uses a non-reentrant model
  3250 ;;
  3251                           
  3252                           	psect	text8
  3253   0015E0                     __ptext8:
  3254                           	callstack 0
  3255   0015E0                     _move_forward:
  3256                           	callstack 30
  3257   0015E0                     
  3258                           ;main.c: 62:     LATD = 0b01010101;
  3259   0015E0  0E55               	movlw	85
  3260   0015E2  6E8C               	movwf	140,c	;volatile
  3261   0015E4  0012               	return		;funcret
  3262   0015E6                     __end_of_move_forward:
  3263                           	callstack 0
  3264                           
  3265 ;; *************** function _move_backward *****************
  3266 ;; Defined at:
  3267 ;;		line 65 in file "main.c"
  3268 ;; Parameters:    Size  Location     Type
  3269 ;;		None
  3270 ;; Auto vars:     Size  Location     Type
  3271 ;;		None
  3272 ;; Return value:  Size  Location     Type
  3273 ;;                  1    wreg      void 
  3274 ;; Registers used:
  3275 ;;		wreg, status,2
  3276 ;; Tracked objects:
  3277 ;;		On entry : 0/0
  3278 ;;		On exit  : 0/0
  3279 ;;		Unchanged: 0/0
  3280 ;; Data sizes:     COMRAM   BANK0   BANK1   BANK2   BANK3   BANK4   BANK5   BANK6   BANK7   BANK8   BANK9  BANK10  BANK1
      +1  BANK12  BANK13  BANK14
  3281 ;;      Params:         0       0       0       0       0       0       0       0       0       0       0       0       
      +0       0       0       0
  3282 ;;      Locals:         0       0       0       0       0       0       0       0       0       0       0       0       
      +0       0       0       0
  3283 ;;      Temps:          0       0       0       0       0       0       0       0       0       0       0       0       
      +0       0       0       0
  3284 ;;      Totals:         0       0       0       0       0       0       0       0       0       0       0       0       
      +0       0       0       0
  3285 ;;Total ram usage:        0 bytes
  3286 ;; Hardware stack levels used: 1
  3287 ;; This function calls:
  3288 ;;		Nothing
  3289 ;; This function is called by:
  3290 ;;		_main
  3291 ;; This function uses a non-reentrant model
  3292 ;;
  3293                           
  3294                           	psect	text9
  3295   0015E6                     __ptext9:
  3296                           	callstack 0
  3297   0015E6                     _move_backward:
  3298                           	callstack 30
  3299   0015E6                     
  3300                           ;main.c: 66:     LATD = 0b10101010;
  3301   0015E6  0EAA               	movlw	170
  3302   0015E8  6E8C               	movwf	140,c	;volatile
  3303   0015EA  0012               	return		;funcret
  3304   0015EC                     __end_of_move_backward:
  3305                           	callstack 0
  3306                           
  3307 ;; *************** function _SYSTEM_Initialize *****************
  3308 ;; Defined at:
  3309 ;;		line 50 in file "mcc_generated_files/mcc.c"
  3310 ;; Parameters:    Size  Location     Type
  3311 ;;		None
  3312 ;; Auto vars:     Size  Location     Type
  3313 ;;		None
  3314 ;; Return value:  Size  Location     Type
  3315 ;;                  1    wreg      void 
  3316 ;; Registers used:
  3317 ;;		wreg, status,2, status,0, cstack
  3318 ;; Tracked objects:
  3319 ;;		On entry : 0/0
  3320 ;;		On exit  : 0/0
  3321 ;;		Unchanged: 0/0
  3322 ;; Data sizes:     COMRAM   BANK0   BANK1   BANK2   BANK3   BANK4   BANK5   BANK6   BANK7   BANK8   BANK9  BANK10  BANK1
      +1  BANK12  BANK13  BANK14
  3323 ;;      Params:         0       0       0       0       0       0       0       0       0       0       0       0       
      +0       0       0       0
  3324 ;;      Locals:         0       0       0       0       0       0       0       0       0       0       0       0       
      +0       0       0       0
  3325 ;;      Temps:          0       0       0       0       0       0       0       0       0       0       0       0       
      +0       0       0       0
  3326 ;;      Totals:         0       0       0       0       0       0       0       0       0       0       0       0       
      +0       0       0       0
  3327 ;;Total ram usage:        0 bytes
  3328 ;; Hardware stack levels used: 1
  3329 ;; Hardware stack levels required when called: 2
  3330 ;; This function calls:
  3331 ;;		_EUSART1_Initialize
  3332 ;;		_OSCILLATOR_Initialize
  3333 ;;		_PIN_MANAGER_Initialize
  3334 ;; This function is called by:
  3335 ;;		_main
  3336 ;; This function uses a non-reentrant model
  3337 ;;
  3338                           
  3339                           	psect	text10
  3340   001596                     __ptext10:
  3341                           	callstack 0
  3342   001596                     _SYSTEM_Initialize:
  3343                           	callstack 28
  3344   001596                     
  3345                           ;mcc_generated_files/mcc.c: 53:     PIN_MANAGER_Initialize();
  3346   001596  ECA4  F00A         	call	_PIN_MANAGER_Initialize	;wreg free
  3347                           
  3348                           ;mcc_generated_files/mcc.c: 54:     OSCILLATOR_Initialize();
  3349   00159A  ECD8  F00A         	call	_OSCILLATOR_Initialize	;wreg free
  3350   00159E                     
  3351                           ;mcc_generated_files/mcc.c: 55:     EUSART1_Initialize();
  3352   00159E  EC73  F00A         	call	_EUSART1_Initialize	;wreg free
  3353   0015A2  0012               	return		;funcret
  3354   0015A4                     __end_of_SYSTEM_Initialize:
  3355                           	callstack 0
  3356                           
  3357 ;; *************** function _PIN_MANAGER_Initialize *****************
  3358 ;; Defined at:
  3359 ;;		line 55 in file "mcc_generated_files/pin_manager.c"
  3360 ;; Parameters:    Size  Location     Type
  3361 ;;		None
  3362 ;; Auto vars:     Size  Location     Type
  3363 ;;		None
  3364 ;; Return value:  Size  Location     Type
  3365 ;;                  1    wreg      void 
  3366 ;; Registers used:
  3367 ;;		wreg, status,2
  3368 ;; Tracked objects:
  3369 ;;		On entry : 0/0
  3370 ;;		On exit  : 0/0
  3371 ;;		Unchanged: 0/0
  3372 ;; Data sizes:     COMRAM   BANK0   BANK1   BANK2   BANK3   BANK4   BANK5   BANK6   BANK7   BANK8   BANK9  BANK10  BANK1
      +1  BANK12  BANK13  BANK14
  3373 ;;      Params:         0       0       0       0       0       0       0       0       0       0       0       0       
      +0       0       0       0
  3374 ;;      Locals:         0       0       0       0       0       0       0       0       0       0       0       0       
      +0       0       0       0
  3375 ;;      Temps:          0       0       0       0       0       0       0       0       0       0       0       0       
      +0       0       0       0
  3376 ;;      Totals:         0       0       0       0       0       0       0       0       0       0       0       0       
      +0       0       0       0
  3377 ;;Total ram usage:        0 bytes
  3378 ;; Hardware stack levels used: 1
  3379 ;; This function calls:
  3380 ;;		Nothing
  3381 ;; This function is called by:
  3382 ;;		_SYSTEM_Initialize
  3383 ;; This function uses a non-reentrant model
  3384 ;;
  3385                           
  3386                           	psect	text11
  3387   001548                     __ptext11:
  3388                           	callstack 0
  3389   001548                     _PIN_MANAGER_Initialize:
  3390                           	callstack 29
  3391   001548                     
  3392                           ;mcc_generated_files/pin_manager.c: 60:     LATE = 0x00;
  3393   001548  6A8D               	clrf	141,c	;volatile
  3394                           
  3395                           ;mcc_generated_files/pin_manager.c: 61:     LATD = 0x00;
  3396   00154A  6A8C               	clrf	140,c	;volatile
  3397                           
  3398                           ;mcc_generated_files/pin_manager.c: 62:     LATA = 0x00;
  3399   00154C  6A89               	clrf	137,c	;volatile
  3400                           
  3401                           ;mcc_generated_files/pin_manager.c: 63:     LATB = 0x00;
  3402   00154E  6A8A               	clrf	138,c	;volatile
  3403                           
  3404                           ;mcc_generated_files/pin_manager.c: 64:     LATC = 0x00;
  3405   001550  6A8B               	clrf	139,c	;volatile
  3406                           
  3407                           ;mcc_generated_files/pin_manager.c: 69:     TRISE = 0x00;
  3408   001552  6A96               	clrf	150,c	;volatile
  3409                           
  3410                           ;mcc_generated_files/pin_manager.c: 70:     TRISA = 0x00;
  3411   001554  6A92               	clrf	146,c	;volatile
  3412                           
  3413                           ;mcc_generated_files/pin_manager.c: 71:     TRISB = 0x00;
  3414   001556  6A93               	clrf	147,c	;volatile
  3415   001558                     
  3416                           ;mcc_generated_files/pin_manager.c: 72:     TRISC = 0x8A;
  3417   001558  0E8A               	movlw	138
  3418   00155A  6E94               	movwf	148,c	;volatile
  3419   00155C                     
  3420                           ;mcc_generated_files/pin_manager.c: 73:     TRISD = 0x00;
  3421   00155C  6A95               	clrf	149,c	;volatile
  3422   00155E                     
  3423                           ;mcc_generated_files/pin_manager.c: 78:     ANCON0 = 0xFF;
  3424   00155E  010F               	movlb	15	; () banked
  3425   001560  695D               	setf	93,b	;volatile
  3426                           
  3427                           ;mcc_generated_files/pin_manager.c: 79:     ANCON1 = 0x7F;
  3428   001562  0E7F               	movlw	127
  3429   001564  6F5C               	movwf	92,b	;volatile
  3430   001566                     
  3431                           ; BSR set to: 15
  3432                           ;mcc_generated_files/pin_manager.c: 84:     WPUB = 0x00;
  3433   001566  6B5B               	clrf	91,b	;volatile
  3434   001568                     
  3435                           ; BSR set to: 15
  3436                           ;mcc_generated_files/pin_manager.c: 85:     INTCON2bits.nRBPU = 1;
  3437   001568  8EF1               	bsf	241,7,c	;volatile
  3438   00156A                     
  3439                           ; BSR set to: 15
  3440   00156A  0012               	return		;funcret
  3441   00156C                     __end_of_PIN_MANAGER_Initialize:
  3442                           	callstack 0
  3443                           
  3444 ;; *************** function _OSCILLATOR_Initialize *****************
  3445 ;; Defined at:
  3446 ;;		line 58 in file "mcc_generated_files/mcc.c"
  3447 ;; Parameters:    Size  Location     Type
  3448 ;;		None
  3449 ;; Auto vars:     Size  Location     Type
  3450 ;;		None
  3451 ;; Return value:  Size  Location     Type
  3452 ;;                  1    wreg      void 
  3453 ;; Registers used:
  3454 ;;		wreg, status,2
  3455 ;; Tracked objects:
  3456 ;;		On entry : 0/0
  3457 ;;		On exit  : 0/0
  3458 ;;		Unchanged: 0/0
  3459 ;; Data sizes:     COMRAM   BANK0   BANK1   BANK2   BANK3   BANK4   BANK5   BANK6   BANK7   BANK8   BANK9  BANK10  BANK1
      +1  BANK12  BANK13  BANK14
  3460 ;;      Params:         0       0       0       0       0       0       0       0       0       0       0       0       
      +0       0       0       0
  3461 ;;      Locals:         0       0       0       0       0       0       0       0       0       0       0       0       
      +0       0       0       0
  3462 ;;      Temps:          0       0       0       0       0       0       0       0       0       0       0       0       
      +0       0       0       0
  3463 ;;      Totals:         0       0       0       0       0       0       0       0       0       0       0       0       
      +0       0       0       0
  3464 ;;Total ram usage:        0 bytes
  3465 ;; Hardware stack levels used: 1
  3466 ;; This function calls:
  3467 ;;		Nothing
  3468 ;; This function is called by:
  3469 ;;		_SYSTEM_Initialize
  3470 ;; This function uses a non-reentrant model
  3471 ;;
  3472                           
  3473                           	psect	text12
  3474   0015B0                     __ptext12:
  3475                           	callstack 0
  3476   0015B0                     _OSCILLATOR_Initialize:
  3477                           	callstack 29
  3478   0015B0                     
  3479                           ;mcc_generated_files/mcc.c: 61:     OSCCON = 0x72;
  3480   0015B0  0E72               	movlw	114
  3481   0015B2  6ED3               	movwf	211,c	;volatile
  3482   0015B4                     
  3483                           ;mcc_generated_files/mcc.c: 63:     OSCCON2 = 0x00;
  3484   0015B4  6AD2               	clrf	210,c	;volatile
  3485   0015B6                     
  3486                           ;mcc_generated_files/mcc.c: 65:     OSCTUNE = 0x00;
  3487   0015B6  6A9B               	clrf	155,c	;volatile
  3488   0015B8                     
  3489                           ;mcc_generated_files/mcc.c: 67:     REFOCON = 0x00;
  3490   0015B8  6A9A               	clrf	154,c	;volatile
  3491   0015BA  0012               	return		;funcret
  3492   0015BC                     __end_of_OSCILLATOR_Initialize:
  3493                           	callstack 0
  3494                           
  3495 ;; *************** function _EUSART1_Initialize *****************
  3496 ;; Defined at:
  3497 ;;		line 66 in file "mcc_generated_files/eusart1.c"
  3498 ;; Parameters:    Size  Location     Type
  3499 ;;		None
  3500 ;; Auto vars:     Size  Location     Type
  3501 ;;		None
  3502 ;; Return value:  Size  Location     Type
  3503 ;;                  1    wreg      void 
  3504 ;; Registers used:
  3505 ;;		wreg, status,2, status,0, cstack
  3506 ;; Tracked objects:
  3507 ;;		On entry : 0/0
  3508 ;;		On exit  : 0/0
  3509 ;;		Unchanged: 0/0
  3510 ;; Data sizes:     COMRAM   BANK0   BANK1   BANK2   BANK3   BANK4   BANK5   BANK6   BANK7   BANK8   BANK9  BANK10  BANK1
      +1  BANK12  BANK13  BANK14
  3511 ;;      Params:         0       0       0       0       0       0       0       0       0       0       0       0       
      +0       0       0       0
  3512 ;;      Locals:         0       0       0       0       0       0       0       0       0       0       0       0       
      +0       0       0       0
  3513 ;;      Temps:          0       0       0       0       0       0       0       0       0       0       0       0       
      +0       0       0       0
  3514 ;;      Totals:         0       0       0       0       0       0       0       0       0       0       0       0       
      +0       0       0       0
  3515 ;;Total ram usage:        0 bytes
  3516 ;; Hardware stack levels used: 1
  3517 ;; Hardware stack levels required when called: 1
  3518 ;; This function calls:
  3519 ;;		_EUSART1_SetErrorHandler
  3520 ;;		_EUSART1_SetFramingErrorHandler
  3521 ;;		_EUSART1_SetOverrunErrorHandler
  3522 ;; This function is called by:
  3523 ;;		_SYSTEM_Initialize
  3524 ;; This function uses a non-reentrant model
  3525 ;;
  3526                           
  3527                           	psect	text13
  3528   0014E6                     __ptext13:
  3529                           	callstack 0
  3530   0014E6                     _EUSART1_Initialize:
  3531                           	callstack 28
  3532   0014E6                     
  3533                           ;mcc_generated_files/eusart1.c: 71:     BAUDCON1 = 0x08;
  3534   0014E6  0E08               	movlw	8
  3535   0014E8  6EA7               	movwf	167,c	;volatile
  3536                           
  3537                           ;mcc_generated_files/eusart1.c: 74:     RCSTA1 = 0x90;
  3538   0014EA  0E90               	movlw	144
  3539   0014EC  6EAB               	movwf	171,c	;volatile
  3540                           
  3541                           ;mcc_generated_files/eusart1.c: 77:     TXSTA1 = 0x24;
  3542   0014EE  0E24               	movlw	36
  3543   0014F0  6EAC               	movwf	172,c	;volatile
  3544                           
  3545                           ;mcc_generated_files/eusart1.c: 80:     SPBRG1 = 0xA0;
  3546   0014F2  0EA0               	movlw	160
  3547   0014F4  6EAF               	movwf	175,c	;volatile
  3548                           
  3549                           ;mcc_generated_files/eusart1.c: 83:     SPBRGH1 = 0x01;
  3550   0014F6  0E01               	movlw	1
  3551   0014F8  6E7D               	movwf	125,c	;volatile
  3552   0014FA                     
  3553                           ;mcc_generated_files/eusart1.c: 86:     EUSART1_SetFramingErrorHandler(EUSART1_DefaultFr
      +                          amingErrorHandler);
  3554   0014FA  0E00               	movlw	0
  3555   0014FC  6E01               	movwf	EUSART1_SetFramingErrorHandler@interruptHandler^0,c
  3556   0014FE  0E00               	movlw	0
  3557   001500  6E02               	movwf	(EUSART1_SetFramingErrorHandler@interruptHandler+1)^0,c
  3558   001502  ECE3  F00A         	call	_EUSART1_SetFramingErrorHandler	;wreg free
  3559   001506                     
  3560                           ;mcc_generated_files/eusart1.c: 87:     EUSART1_SetOverrunErrorHandler(EUSART1_DefaultOv
      +                          errunErrorHandler);
  3561   001506  0E00               	movlw	0
  3562   001508  6E01               	movwf	EUSART1_SetOverrunErrorHandler@interruptHandler^0,c
  3563   00150A  0E00               	movlw	0
  3564   00150C  6E02               	movwf	(EUSART1_SetOverrunErrorHandler@interruptHandler+1)^0,c
  3565   00150E  ECDE  F00A         	call	_EUSART1_SetOverrunErrorHandler	;wreg free
  3566   001512                     
  3567                           ;mcc_generated_files/eusart1.c: 88:     EUSART1_SetErrorHandler(EUSART1_DefaultErrorHand
      +                          ler);
  3568   001512  0E00               	movlw	0
  3569   001514  6E01               	movwf	EUSART1_SetErrorHandler@interruptHandler^0,c
  3570   001516  0E00               	movlw	0
  3571   001518  6E02               	movwf	(EUSART1_SetErrorHandler@interruptHandler+1)^0,c
  3572   00151A  ECE8  F00A         	call	_EUSART1_SetErrorHandler	;wreg free
  3573   00151E                     
  3574                           ;mcc_generated_files/eusart1.c: 90:     eusart1RxLastError.status = 0;
  3575   00151E  6A27               	clrf	_eusart1RxLastError^0,c	;volatile
  3576   001520  0012               	return		;funcret
  3577   001522                     __end_of_EUSART1_Initialize:
  3578                           	callstack 0
  3579                           
  3580 ;; *************** function _EUSART1_SetOverrunErrorHandler *****************
  3581 ;; Defined at:
  3582 ;;		line 161 in file "mcc_generated_files/eusart1.c"
  3583 ;; Parameters:    Size  Location     Type
  3584 ;;  interruptHan    2    0[COMRAM] PTR FTN()void 
  3585 ;;		 -> EUSART1_DefaultOverrunErrorHandler(1), 
  3586 ;; Auto vars:     Size  Location     Type
  3587 ;;		None
  3588 ;; Return value:  Size  Location     Type
  3589 ;;                  1    wreg      void 
  3590 ;; Registers used:
  3591 ;;		wreg, status,2, status,0
  3592 ;; Tracked objects:
  3593 ;;		On entry : 0/0
  3594 ;;		On exit  : 0/0
  3595 ;;		Unchanged: 0/0
  3596 ;; Data sizes:     COMRAM   BANK0   BANK1   BANK2   BANK3   BANK4   BANK5   BANK6   BANK7   BANK8   BANK9  BANK10  BANK1
      +1  BANK12  BANK13  BANK14
  3597 ;;      Params:         2       0       0       0       0       0       0       0       0       0       0       0       
      +0       0       0       0
  3598 ;;      Locals:         0       0       0       0       0       0       0       0       0       0       0       0       
      +0       0       0       0
  3599 ;;      Temps:          0       0       0       0       0       0       0       0       0       0       0       0       
      +0       0       0       0
  3600 ;;      Totals:         2       0       0       0       0       0       0       0       0       0       0       0       
      +0       0       0       0
  3601 ;;Total ram usage:        2 bytes
  3602 ;; Hardware stack levels used: 1
  3603 ;; This function calls:
  3604 ;;		Nothing
  3605 ;; This function is called by:
  3606 ;;		_EUSART1_Initialize
  3607 ;; This function uses a non-reentrant model
  3608 ;;
  3609                           
  3610                           	psect	text14
  3611   0015BC                     __ptext14:
  3612                           	callstack 0
  3613   0015BC                     _EUSART1_SetOverrunErrorHandler:
  3614                           	callstack 28
  3615   0015BC                     
  3616                           ;mcc_generated_files/eusart1.c: 162:     EUSART1_OverrunErrorHandler = interruptHandler;
  3617   0015BC  C001  F023         	movff	EUSART1_SetOverrunErrorHandler@interruptHandler,_EUSART1_OverrunErrorHandler
  3618   0015C0  C002  F024         	movff	EUSART1_SetOverrunErrorHandler@interruptHandler+1,_EUSART1_OverrunErrorHandler+1
  3619   0015C4  0012               	return		;funcret
  3620   0015C6                     __end_of_EUSART1_SetOverrunErrorHandler:
  3621                           	callstack 0
  3622                           
  3623 ;; *************** function _EUSART1_SetFramingErrorHandler *****************
  3624 ;; Defined at:
  3625 ;;		line 157 in file "mcc_generated_files/eusart1.c"
  3626 ;; Parameters:    Size  Location     Type
  3627 ;;  interruptHan    2    0[COMRAM] PTR FTN()void 
  3628 ;;		 -> EUSART1_DefaultFramingErrorHandler(1), 
  3629 ;; Auto vars:     Size  Location     Type
  3630 ;;		None
  3631 ;; Return value:  Size  Location     Type
  3632 ;;                  1    wreg      void 
  3633 ;; Registers used:
  3634 ;;		wreg, status,2, status,0
  3635 ;; Tracked objects:
  3636 ;;		On entry : 0/0
  3637 ;;		On exit  : 0/0
  3638 ;;		Unchanged: 0/0
  3639 ;; Data sizes:     COMRAM   BANK0   BANK1   BANK2   BANK3   BANK4   BANK5   BANK6   BANK7   BANK8   BANK9  BANK10  BANK1
      +1  BANK12  BANK13  BANK14
  3640 ;;      Params:         2       0       0       0       0       0       0       0       0       0       0       0       
      +0       0       0       0
  3641 ;;      Locals:         0       0       0       0       0       0       0       0       0       0       0       0       
      +0       0       0       0
  3642 ;;      Temps:          0       0       0       0       0       0       0       0       0       0       0       0       
      +0       0       0       0
  3643 ;;      Totals:         2       0       0       0       0       0       0       0       0       0       0       0       
      +0       0       0       0
  3644 ;;Total ram usage:        2 bytes
  3645 ;; Hardware stack levels used: 1
  3646 ;; This function calls:
  3647 ;;		Nothing
  3648 ;; This function is called by:
  3649 ;;		_EUSART1_Initialize
  3650 ;; This function uses a non-reentrant model
  3651 ;;
  3652                           
  3653                           	psect	text15
  3654   0015C6                     __ptext15:
  3655                           	callstack 0
  3656   0015C6                     _EUSART1_SetFramingErrorHandler:
  3657                           	callstack 28
  3658   0015C6                     
  3659                           ;mcc_generated_files/eusart1.c: 158:     EUSART1_FramingErrorHandler = interruptHandler;
  3660   0015C6  C001  F025         	movff	EUSART1_SetFramingErrorHandler@interruptHandler,_EUSART1_FramingErrorHandler
  3661   0015CA  C002  F026         	movff	EUSART1_SetFramingErrorHandler@interruptHandler+1,_EUSART1_FramingErrorHandler+1
  3662   0015CE  0012               	return		;funcret
  3663   0015D0                     __end_of_EUSART1_SetFramingErrorHandler:
  3664                           	callstack 0
  3665                           
  3666 ;; *************** function _EUSART1_SetErrorHandler *****************
  3667 ;; Defined at:
  3668 ;;		line 165 in file "mcc_generated_files/eusart1.c"
  3669 ;; Parameters:    Size  Location     Type
  3670 ;;  interruptHan    2    0[COMRAM] PTR FTN()void 
  3671 ;;		 -> EUSART1_DefaultErrorHandler(1), 
  3672 ;; Auto vars:     Size  Location     Type
  3673 ;;		None
  3674 ;; Return value:  Size  Location     Type
  3675 ;;                  1    wreg      void 
  3676 ;; Registers used:
  3677 ;;		wreg, status,2, status,0
  3678 ;; Tracked objects:
  3679 ;;		On entry : 0/0
  3680 ;;		On exit  : 0/0
  3681 ;;		Unchanged: 0/0
  3682 ;; Data sizes:     COMRAM   BANK0   BANK1   BANK2   BANK3   BANK4   BANK5   BANK6   BANK7   BANK8   BANK9  BANK10  BANK1
      +1  BANK12  BANK13  BANK14
  3683 ;;      Params:         2       0       0       0       0       0       0       0       0       0       0       0       
      +0       0       0       0
  3684 ;;      Locals:         0       0       0       0       0       0       0       0       0       0       0       0       
      +0       0       0       0
  3685 ;;      Temps:          0       0       0       0       0       0       0       0       0       0       0       0       
      +0       0       0       0
  3686 ;;      Totals:         2       0       0       0       0       0       0       0       0       0       0       0       
      +0       0       0       0
  3687 ;;Total ram usage:        2 bytes
  3688 ;; Hardware stack levels used: 1
  3689 ;; This function calls:
  3690 ;;		Nothing
  3691 ;; This function is called by:
  3692 ;;		_EUSART1_Initialize
  3693 ;; This function uses a non-reentrant model
  3694 ;;
  3695                           
  3696                           	psect	text16
  3697   0015D0                     __ptext16:
  3698                           	callstack 0
  3699   0015D0                     _EUSART1_SetErrorHandler:
  3700                           	callstack 28
  3701   0015D0                     
  3702                           ;mcc_generated_files/eusart1.c: 166:     EUSART1_ErrorHandler = interruptHandler;
  3703   0015D0  C001  F021         	movff	EUSART1_SetErrorHandler@interruptHandler,_EUSART1_ErrorHandler
  3704   0015D4  C002  F022         	movff	EUSART1_SetErrorHandler@interruptHandler+1,_EUSART1_ErrorHandler+1
  3705   0015D8  0012               	return		;funcret
  3706   0015DA                     __end_of_EUSART1_SetErrorHandler:
  3707                           	callstack 0
  3708                           
  3709 ;; *************** function _EUSART1_is_rx_ready *****************
  3710 ;; Defined at:
  3711 ;;		line 99 in file "mcc_generated_files/eusart1.c"
  3712 ;; Parameters:    Size  Location     Type
  3713 ;;		None
  3714 ;; Auto vars:     Size  Location     Type
  3715 ;;		None
  3716 ;; Return value:  Size  Location     Type
  3717 ;;                  1    wreg      _Bool 
  3718 ;; Registers used:
  3719 ;;		wreg
  3720 ;; Tracked objects:
  3721 ;;		On entry : 0/0
  3722 ;;		On exit  : 0/0
  3723 ;;		Unchanged: 0/0
  3724 ;; Data sizes:     COMRAM   BANK0   BANK1   BANK2   BANK3   BANK4   BANK5   BANK6   BANK7   BANK8   BANK9  BANK10  BANK1
      +1  BANK12  BANK13  BANK14
  3725 ;;      Params:         0       0       0       0       0       0       0       0       0       0       0       0       
      +0       0       0       0
  3726 ;;      Locals:         0       0       0       0       0       0       0       0       0       0       0       0       
      +0       0       0       0
  3727 ;;      Temps:          0       0       0       0       0       0       0       0       0       0       0       0       
      +0       0       0       0
  3728 ;;      Totals:         0       0       0       0       0       0       0       0       0       0       0       0       
      +0       0       0       0
  3729 ;;Total ram usage:        0 bytes
  3730 ;; Hardware stack levels used: 1
  3731 ;; This function calls:
  3732 ;;		Nothing
  3733 ;; This function is called by:
  3734 ;;		_main
  3735 ;; This function uses a non-reentrant model
  3736 ;;
  3737                           
  3738                           	psect	text17
  3739   001582                     __ptext17:
  3740                           	callstack 0
  3741   001582                     _EUSART1_is_rx_ready:
  3742                           	callstack 30
  3743   001582                     
  3744                           ;mcc_generated_files/eusart1.c: 101:     return (_Bool)(PIR1bits.RC1IF);
  3745   001582  BA9E               	btfsc	158,5,c	;volatile
  3746   001584  EFC6  F00A         	goto	u171
  3747   001588  EFC9  F00A         	goto	u170
  3748   00158C                     u171:
  3749   00158C  0E01               	movlw	1
  3750   00158E  EFCA  F00A         	goto	u176
  3751   001592                     u170:
  3752   001592  0E00               	movlw	0
  3753   001594                     u176:
  3754   001594  0012               	return		;funcret
  3755   001596                     __end_of_EUSART1_is_rx_ready:
  3756                           	callstack 0
  3757                           
  3758 ;; *************** function _EUSART1_Read *****************
  3759 ;; Defined at:
  3760 ;;		line 113 in file "mcc_generated_files/eusart1.c"
  3761 ;; Parameters:    Size  Location     Type
  3762 ;;		None
  3763 ;; Auto vars:     Size  Location     Type
  3764 ;;		None
  3765 ;; Return value:  Size  Location     Type
  3766 ;;                  1    wreg      unsigned char 
  3767 ;; Registers used:
  3768 ;;		wreg, status,2
  3769 ;; Tracked objects:
  3770 ;;		On entry : 0/0
  3771 ;;		On exit  : 0/0
  3772 ;;		Unchanged: 0/0
  3773 ;; Data sizes:     COMRAM   BANK0   BANK1   BANK2   BANK3   BANK4   BANK5   BANK6   BANK7   BANK8   BANK9  BANK10  BANK1
      +1  BANK12  BANK13  BANK14
  3774 ;;      Params:         0       0       0       0       0       0       0       0       0       0       0       0       
      +0       0       0       0
  3775 ;;      Locals:         0       0       0       0       0       0       0       0       0       0       0       0       
      +0       0       0       0
  3776 ;;      Temps:          0       0       0       0       0       0       0       0       0       0       0       0       
      +0       0       0       0
  3777 ;;      Totals:         0       0       0       0       0       0       0       0       0       0       0       0       
      +0       0       0       0
  3778 ;;Total ram usage:        0 bytes
  3779 ;; Hardware stack levels used: 1
  3780 ;; This function calls:
  3781 ;;		Nothing
  3782 ;; This function is called by:
  3783 ;;		_main
  3784 ;; This function uses a non-reentrant model
  3785 ;;
  3786                           
  3787                           	psect	text18
  3788   001522                     __ptext18:
  3789                           	callstack 0
  3790   001522                     _EUSART1_Read:
  3791                           	callstack 30
  3792   001522                     l80:
  3793                           
  3794                           ;mcc_generated_files/eusart1.c: 115:     while(!PIR1bits.RC1IF)
  3795   001522  AA9E               	btfss	158,5,c	;volatile
  3796   001524  EF96  F00A         	goto	u181
  3797   001528  EF98  F00A         	goto	u180
  3798   00152C                     u181:
  3799   00152C  EF91  F00A         	goto	l80
  3800   001530                     u180:
  3801   001530                     
  3802                           ;mcc_generated_files/eusart1.c: 119:     eusart1RxLastError.status = 0;
  3803   001530  6A27               	clrf	_eusart1RxLastError^0,c	;volatile
  3804                           
  3805                           ;mcc_generated_files/eusart1.c: 121:     if(1 == RCSTA1bits.OERR)
  3806   001532  A2AB               	btfss	171,1,c	;volatile
  3807   001534  EF9E  F00A         	goto	u191
  3808   001538  EFA0  F00A         	goto	u190
  3809   00153C                     u191:
  3810   00153C  EFA2  F00A         	goto	l1034
  3811   001540                     u190:
  3812   001540                     
  3813                           ;mcc_generated_files/eusart1.c: 122:     {;mcc_generated_files/eusart1.c: 125:         R
      +                          CSTA1bits.CREN = 0;
  3814   001540  98AB               	bcf	171,4,c	;volatile
  3815                           
  3816                           ;mcc_generated_files/eusart1.c: 126:         RCSTA1bits.CREN = 1;
  3817   001542  88AB               	bsf	171,4,c	;volatile
  3818   001544                     l1034:
  3819                           
  3820                           ;mcc_generated_files/eusart1.c: 129:     return RCREG1;
  3821   001544  50AE               	movf	174,w,c	;volatile
  3822   001546  0012               	return		;funcret
  3823   001548                     __end_of_EUSART1_Read:
  3824                           	callstack 0
  3825                           
  3826                           	psect	smallconst
  3827   001000                     __psmallconst:
  3828                           	callstack 0
  3829   001000  00                 	db	0
  3830   001001  00                 	db	0	; dummy byte at the end
  3831   001000                     __smallconst    set	__psmallconst
  3832   001000                     __mediumconst   set	__psmallconst
  3833   000002                     __activetblptr  equ	2
  3834                           
  3835                           	psect	rparam
  3836   000001                     ___rparam_used  equ	1
  3837   000000                     ___param_bank   equ	0
  3838   000000                     __Lparam        equ	__Lrparam
  3839   000000                     __Hparam        equ	__Hrparam
  3840                           
  3841                           	psect	config
  3842                           
  3843                           ;Config register CONFIG1L @ 0x300000
  3844                           ;	VREG Sleep Enable bit
  3845                           ;	RETEN = OFF, Ultra low-power regulator is Disabled (Controlled by REGSLP bit)
  3846                           ;	LF-INTOSC Low-power Enable bit
  3847                           ;	INTOSCSEL = HIGH, LF-INTOSC in High-power mode during Sleep
  3848                           ;	SOSC Power Selection and mode Configuration bits
  3849                           ;	SOSCSEL = DIG, Digital (SCLKI) mode
  3850                           ;	Extended Instruction Set
  3851                           ;	XINST = OFF, Disabled
  3852   300000                     	org	3145728
  3853   300000  15                 	db	21
  3854                           
  3855                           ;Config register CONFIG1H @ 0x300001
  3856                           ;	Oscillator
  3857                           ;	FOSC = INTIO2, Internal RC oscillator
  3858                           ;	PLL x4 Enable bit
  3859                           ;	PLLCFG = OFF, Disabled
  3860                           ;	Fail-Safe Clock Monitor
  3861                           ;	FCMEN = OFF, Disabled
  3862                           ;	Internal External Oscillator Switch Over Mode
  3863                           ;	IESO = OFF, Disabled
  3864   300001                     	org	3145729
  3865   300001  08                 	db	8
  3866                           
  3867                           ;Config register CONFIG2L @ 0x300002
  3868                           ;	Power Up Timer
  3869                           ;	PWRTEN = OFF, Disabled
  3870                           ;	Brown Out Detect
  3871                           ;	BOREN = SBORDIS, Enabled in hardware, SBOREN disabled
  3872                           ;	Brown-out Reset Voltage bits
  3873                           ;	BORV = 3, 1.8V
  3874                           ;	BORMV Power level
  3875                           ;	BORPWR = ZPBORMV, ZPBORMV instead of BORMV is selected
  3876   300002                     	org	3145730
  3877   300002  7F                 	db	127
  3878                           
  3879                           ;Config register CONFIG2H @ 0x300003
  3880                           ;	Watchdog Timer
  3881                           ;	WDTEN = OFF, WDT disabled in hardware; SWDTEN bit disabled
  3882                           ;	Watchdog Postscaler
  3883                           ;	WDTPS = 1048576, 1:1048576
  3884   300003                     	org	3145731
  3885   300003  50                 	db	80
  3886                           
  3887                           ; Padding undefined space
  3888   300004                     	org	3145732
  3889   300004  FF                 	db	255
  3890                           
  3891                           ;Config register CONFIG3H @ 0x300005
  3892                           ;	ECAN Mux bit
  3893                           ;	CANMX = PORTB, ECAN TX and RX pins are located on RB2 and RB3, respectively
  3894                           ;	MSSP address masking
  3895                           ;	MSSPMSK = MSK7, 7 Bit address masking mode
  3896                           ;	Master Clear Enable
  3897                           ;	MCLRE = ON, MCLR Enabled, RE3 Disabled
  3898   300005                     	org	3145733
  3899   300005  89                 	db	137
  3900                           
  3901                           ;Config register CONFIG4L @ 0x300006
  3902                           ;	Stack Overflow Reset
  3903                           ;	STVREN = ON, Enabled
  3904                           ;	Boot Block Size
  3905                           ;	BBSIZ = BB2K, 2K word Boot Block size
  3906                           ;	Background Debugger
  3907                           ;	DEBUG = 0x1, unprogrammed default
  3908   300006                     	org	3145734
  3909   300006  91                 	db	145
  3910                           
  3911                           ; Padding undefined space
  3912   300007                     	org	3145735
  3913   300007  FF                 	db	255
  3914                           
  3915                           ;Config register CONFIG5L @ 0x300008
  3916                           ;	Code Protect 00800-01FFF
  3917                           ;	CP0 = OFF, Disabled
  3918                           ;	Code Protect 02000-03FFF
  3919                           ;	CP1 = OFF, Disabled
  3920                           ;	Code Protect 04000-05FFF
  3921                           ;	CP2 = OFF, Disabled
  3922                           ;	Code Protect 06000-07FFF
  3923                           ;	CP3 = OFF, Disabled
  3924   300008                     	org	3145736
  3925   300008  0F                 	db	15
  3926                           
  3927                           ;Config register CONFIG5H @ 0x300009
  3928                           ;	Code Protect Boot
  3929                           ;	CPB = OFF, Disabled
  3930                           ;	Data EE Read Protect
  3931                           ;	CPD = OFF, Disabled
  3932   300009                     	org	3145737
  3933   300009  C0                 	db	192
  3934                           
  3935                           ;Config register CONFIG6L @ 0x30000A
  3936                           ;	Table Write Protect 00800-01FFF
  3937                           ;	WRT0 = OFF, Disabled
  3938                           ;	Table Write Protect 02000-03FFF
  3939                           ;	WRT1 = OFF, Disabled
  3940                           ;	Table Write Protect 04000-05FFF
  3941                           ;	WRT2 = OFF, Disabled
  3942                           ;	Table Write Protect 06000-07FFF
  3943                           ;	WRT3 = OFF, Disabled
  3944   30000A                     	org	3145738
  3945   30000A  0F                 	db	15
  3946                           
  3947                           ;Config register CONFIG6H @ 0x30000B
  3948                           ;	Config. Write Protect
  3949                           ;	WRTC = OFF, Disabled
  3950                           ;	Table Write Protect Boot
  3951                           ;	WRTB = OFF, Disabled
  3952                           ;	Data EE Write Protect
  3953                           ;	WRTD = OFF, Disabled
  3954   30000B                     	org	3145739
  3955   30000B  E0                 	db	224
  3956                           
  3957                           ;Config register CONFIG7L @ 0x30000C
  3958                           ;	Table Read Protect 00800-01FFF
  3959                           ;	EBTR0 = OFF, Disabled
  3960                           ;	Table Read Protect 02000-03FFF
  3961                           ;	EBTR1 = OFF, Disabled
  3962                           ;	Table Read Protect 04000-05FFF
  3963                           ;	EBTR2 = OFF, Disabled
  3964                           ;	Table Read Protect 06000-07FFF
  3965                           ;	EBTR3 = OFF, Disabled
  3966   30000C                     	org	3145740
  3967   30000C  0F                 	db	15
  3968                           
  3969                           ;Config register CONFIG7H @ 0x30000D
  3970                           ;	Table Read Protect Boot
  3971                           ;	EBTRB = OFF, Disabled
  3972   30000D                     	org	3145741
  3973   30000D  40                 	db	64
  3974                           tosu	equ	0xFFF
  3975                           tosh	equ	0xFFE
  3976                           tosl	equ	0xFFD
  3977                           stkptr	equ	0xFFC
  3978                           pclatu	equ	0xFFB
  3979                           pclath	equ	0xFFA
  3980                           pcl	equ	0xFF9
  3981                           tblptru	equ	0xFF8
  3982                           tblptrh	equ	0xFF7
  3983                           tblptrl	equ	0xFF6
  3984                           tablat	equ	0xFF5
  3985                           prodh	equ	0xFF4
  3986                           prodl	equ	0xFF3
  3987                           indf0	equ	0xFEF
  3988                           postinc0	equ	0xFEE
  3989                           postdec0	equ	0xFED
  3990                           preinc0	equ	0xFEC
  3991                           plusw0	equ	0xFEB
  3992                           fsr0h	equ	0xFEA
  3993                           fsr0l	equ	0xFE9
  3994                           wreg	equ	0xFE8
  3995                           indf1	equ	0xFE7
  3996                           postinc1	equ	0xFE6
  3997                           postdec1	equ	0xFE5
  3998                           preinc1	equ	0xFE4
  3999                           plusw1	equ	0xFE3
  4000                           fsr1h	equ	0xFE2
  4001                           fsr1l	equ	0xFE1
  4002                           bsr	equ	0xFE0
  4003                           indf2	equ	0xFDF
  4004                           postinc2	equ	0xFDE
  4005                           postdec2	equ	0xFDD
  4006                           preinc2	equ	0xFDC
  4007                           plusw2	equ	0xFDB
  4008                           fsr2h	equ	0xFDA
  4009                           fsr2l	equ	0xFD9
  4010                           status	equ	0xFD8

Data Sizes:
    Strings     0
    Constant    0
    Data        0
    BSS         1
    Persistent  6
    Stack       0

Auto Spaces:
    Space          Size  Autos    Used
    COMRAM           95     32      39
    BANK0           160      0       0
    BANK1           256      0       0
    BANK2           256      0       0
    BANK3           256      0       0
    BANK4           256      0       0
    BANK5           256      0       0
    BANK6           256      0       0
    BANK7           256      0       0
    BANK8           256      0       0
    BANK9           256      0       0
    BANK10          256      0       0
    BANK11          256      0       0
    BANK12          256      0       0
    BANK13          256      0       0
    BANK14           65      0       0

Pointer List with Targets:

    EUSART1_ErrorHandler	PTR FTN()void  size(2) Largest target is 1
		 -> EUSART1_DefaultErrorHandler(), NULL(), 

    EUSART1_FramingErrorHandler	PTR FTN()void  size(2) Largest target is 1
		 -> EUSART1_DefaultFramingErrorHandler(), NULL(), 

    EUSART1_OverrunErrorHandler	PTR FTN()void  size(2) Largest target is 1
		 -> EUSART1_DefaultOverrunErrorHandler(), NULL(), 

    EUSART1_SetErrorHandler@interruptHandler	PTR FTN()void  size(2) Largest target is 1
		 -> EUSART1_DefaultErrorHandler(), 

    EUSART1_SetFramingErrorHandler@interruptHandler	PTR FTN()void  size(2) Largest target is 1
		 -> EUSART1_DefaultFramingErrorHandler(), 

    EUSART1_SetOverrunErrorHandler@interruptHandler	PTR FTN()void  size(2) Largest target is 1
		 -> EUSART1_DefaultOverrunErrorHandler(), 


Critical Paths under _main in COMRAM

    _main->_wait_ms_with_obstacle_check
    _wait_ms_with_obstacle_check->_is_obstacle_detected
    _is_obstacle_detected->_measure_distance_cm
    _measure_distance_cm->___lwdiv
    _EUSART1_Initialize->_EUSART1_SetErrorHandler
    _EUSART1_Initialize->_EUSART1_SetFramingErrorHandler
    _EUSART1_Initialize->_EUSART1_SetOverrunErrorHandler

Critical Paths under _main in BANK0

    None.

Critical Paths under _main in BANK1

    None.

Critical Paths under _main in BANK2

    None.

Critical Paths under _main in BANK3

    None.

Critical Paths under _main in BANK4

    None.

Critical Paths under _main in BANK5

    None.

Critical Paths under _main in BANK6

    None.

Critical Paths under _main in BANK7

    None.

Critical Paths under _main in BANK8

    None.

Critical Paths under _main in BANK9

    None.

Critical Paths under _main in BANK10

    None.

Critical Paths under _main in BANK11

    None.

Critical Paths under _main in BANK12

    None.

Critical Paths under _main in BANK13

    None.

Critical Paths under _main in BANK14

    None.

Call Graph Tables:

 ---------------------------------------------------------------------------------
 (Depth) Function   	        Calls       Base Space   Used Autos Params    Refs
 ---------------------------------------------------------------------------------
 (0) _main                                                 5     5      0    1243
                                             27 COMRAM     5     5      0
                       _EUSART1_Read
                      _EUSART1_Write
                _EUSART1_is_rx_ready
                  _SYSTEM_Initialize
               _is_obstacle_detected
                      _move_backward
                       _move_forward
                    _stop_all_motors
        _wait_ms_with_obstacle_check
 ---------------------------------------------------------------------------------
 (1) _wait_ms_with_obstacle_check                          6     4      2     521
                                             21 COMRAM     6     4      2
                      _EUSART1_Write
               _is_obstacle_detected
                    _stop_all_motors
 ---------------------------------------------------------------------------------
 (2) _stop_all_motors                                      0     0      0       0
 ---------------------------------------------------------------------------------
 (2) _is_obstacle_detected                                 5     5      0     458
                                             16 COMRAM     5     5      0
                _measure_distance_cm
 ---------------------------------------------------------------------------------
 (3) _measure_distance_cm                                  9     7      2     388
                                              7 COMRAM     9     7      2
                            ___lwdiv
                 _trigger_ultrasonic
 ---------------------------------------------------------------------------------
 (4) _trigger_ultrasonic                                   3     3      0      58
                                              0 COMRAM     3     3      0
 ---------------------------------------------------------------------------------
 (4) ___lwdiv                                              7     3      4     164
                                              0 COMRAM     7     3      4
 ---------------------------------------------------------------------------------
 (2) _EUSART1_Write                                        1     1      0      15
                                              0 COMRAM     1     1      0
 ---------------------------------------------------------------------------------
 (1) _move_forward                                         0     0      0       0
 ---------------------------------------------------------------------------------
 (1) _move_backward                                        0     0      0       0
 ---------------------------------------------------------------------------------
 (1) _SYSTEM_Initialize                                    0     0      0      69
                 _EUSART1_Initialize
              _OSCILLATOR_Initialize
             _PIN_MANAGER_Initialize
 ---------------------------------------------------------------------------------
 (2) _PIN_MANAGER_Initialize                               0     0      0       0
 ---------------------------------------------------------------------------------
 (2) _OSCILLATOR_Initialize                                0     0      0       0
 ---------------------------------------------------------------------------------
 (2) _EUSART1_Initialize                                   0     0      0      69
            _EUSART1_SetErrorHandler
     _EUSART1_SetFramingErrorHandler
     _EUSART1_SetOverrunErrorHandler
 ---------------------------------------------------------------------------------
 (3) _EUSART1_SetOverrunErrorHandler                       2     0      2      23
                                              0 COMRAM     2     0      2
 ---------------------------------------------------------------------------------
 (3) _EUSART1_SetFramingErrorHandler                       2     0      2      23
                                              0 COMRAM     2     0      2
 ---------------------------------------------------------------------------------
 (3) _EUSART1_SetErrorHandler                              2     0      2      23
                                              0 COMRAM     2     0      2
 ---------------------------------------------------------------------------------
 (1) _EUSART1_is_rx_ready                                  0     0      0       0
 ---------------------------------------------------------------------------------
 (1) _EUSART1_Read                                         0     0      0       0
 ---------------------------------------------------------------------------------
 Estimated maximum stack depth 4
 ---------------------------------------------------------------------------------

 Call Graph Graphs:

 _main (ROOT)
   _EUSART1_Read
   _EUSART1_Write
   _EUSART1_is_rx_ready
   _SYSTEM_Initialize
     _EUSART1_Initialize
       _EUSART1_SetErrorHandler
       _EUSART1_SetFramingErrorHandler
       _EUSART1_SetOverrunErrorHandler
     _OSCILLATOR_Initialize
     _PIN_MANAGER_Initialize
   _is_obstacle_detected
     _measure_distance_cm
       ___lwdiv
       _trigger_ultrasonic
   _move_backward
   _move_forward
   _stop_all_motors
   _wait_ms_with_obstacle_check
     _EUSART1_Write
     _is_obstacle_detected
     _stop_all_motors

Address spaces:
Name               Size   Autos  Total    Usage
BIGRAM            3648      0       0      0.0%
BITBIGSFRllll      282      0       0      0.0%
BITBANK13          256      0       0      0.0%
BANK13             256      0       0      0.0%
BITBANK12          256      0       0      0.0%
BANK12             256      0       0      0.0%
BITBANK11          256      0       0      0.0%
BANK11             256      0       0      0.0%
BITBANK10          256      0       0      0.0%
BANK10             256      0       0      0.0%
BITBANK9           256      0       0      0.0%
BANK9              256      0       0      0.0%
BITBANK8           256      0       0      0.0%
BANK8              256      0       0      0.0%
BITBANK7           256      0       0      0.0%
BANK7              256      0       0      0.0%
BITBANK6           256      0       0      0.0%
BANK6              256      0       0      0.0%
BITBANK5           256      0       0      0.0%
BANK5              256      0       0      0.0%
BITBANK4           256      0       0      0.0%
BANK4              256      0       0      0.0%
BITBANK3           256      0       0      0.0%
BANK3              256      0       0      0.0%
BITBANK2           256      0       0      0.0%
BANK2              256      0       0      0.0%
BITBANK1           256      0       0      0.0%
BANK1              256      0       0      0.0%
BITBANK0           160      0       0      0.0%
BANK0              160      0       0      0.0%
BITBIGSFRh         101      0       0      0.0%
BITCOMRAM           95      0       0      0.0%
COMRAM              95     32      39     41.1%
BITBANK14           65      0       0      0.0%
BANK14              65      0       0      0.0%
BITBIGSFRlllh       31      0       0      0.0%
BITBIGSFRlh         23      0       0      0.0%
BITBIGSFRllh         4      0       0      0.0%
STACK                0      0       0      0.0%
DATA                 0      0      39      0.0%


Microchip Technology PIC18 Macro Assembler V3.00 build 20241204225717 
Symbol Table                                                                                   Sat Jun 28 15:33:01 2025

                                            l20 15BA                                              l17 15A2  
                                            l71 1594                                              l63 1520  
                                            l80 1522                                              l82 1530  
                                            l90 1580                                              l84 1546  
                                            l87 156E                                             l102 15CE  
                                           l105 15C4                                             l108 15D8  
                                           l151 12BE                                             l233 156A  
                                           l137 14E4                                             l145 1262  
                                           l162 15EA                                             l146 12F2  
                                           l171 13D0                                             l156 149E  
                                           l165 15DE                                             l190 116C  
                                           l159 15E4                                             l184 10F8  
                                           l730 143C                                             l737 1444  
                                           l980 1566                                             l972 1548  
                                           l990 15B8                                             l982 1568  
                                           l974 1558                                             l984 15B0  
                                           l976 155C                                             l986 15B4  
                                           l978 155E                                             l988 15B6  
                                           u140 157C                                             u141 1578  
                                           u170 1592                                             u410 1256  
                                           u171 158C                                             u411 1252  
                                           u180 1530                                             u340 13EC  
                                           u324 14B4                                             u404 123C  
                                           u500 10D4                                             u181 152C  
                                           u341 13E8                                             u325 14B0  
                                           u405 1238                                             u501 10D0  
                                           u190 1540                                             u350 140A  
                                           u334 14D8                                             u430 129C  
                                           u510 10E6                                             u191 153C  
                                           u351 1406                                             u335 14D4  
                                           u431 1298                                             u511 10E2  
                                           u176 1594                                             u360 1426  
                                           u440 12BE                                             u424 1282  
                                           u520 10F8                                             u361 1422  
                                           u441 12BA                                             u425 127E  
                                           u521 10F4                                             u450 1484  
                                           u530 1126                                             u451 1480  
                                           u531 1122                                             u380 1208  
                                           u460 149A                                             u540 115A  
                                           u381 1204                                             u461 1496  
                                           u541 1156                                             u390 122A  
                                           u374 11EE                                             u470 1314  
                                           u550 116C                                             u391 1226  
                                           u375 11EA                                             u607 13A4  
                                           u471 1310                                             u551 1168  
                                           u480 13D0                                             u560 119A  
                                           u617 14C0                                             u481 13CC  
                                           u561 1196                                             u490 103A  
                                           u491 1036                                             u577 10A8  
                                           u587 1104                                             u597 1178  
                                           wreg 0FE8                                      _TXSTA1bits 0FAC  
                                          l1002 156E                                            l1004 157C  
                                          l1020 15DA                                            l1030 1522  
                                          l1032 1540                                            l1040 15E6  
                                          l1200 1426                                            l1034 1544  
                                          l1026 1582                                            l1210 15BC  
                                          l1202 142E                                            l1212 15D0  
                                          l1204 1430                                            l1220 1208  
                                          l1300 1018                                            l1038 15E0  
                                          l1206 1436                                            l1230 1270  
                                          l1222 122A                                            l1214 11CE  
                                          l1310 1046                                            l1302 1020  
                                          l1208 15C6                                            l1240 14E6  
                                          l1232 129C                                            l1224 1256  
                                          l1216 11D6                                            l1320 1064  
                                          l1312 104C                                            l1304 1026  
                                          l1242 14FA                                            l1234 12C0  
                                          l1218 11DC                                            l1250 1446  
                                          l1330 1082                                            l1322 106A  
                                          l1314 1052                                            l1306 103A  
                                          l1244 1506                                            l1180 14A2  
                                          l1236 12D6                                            l1228 1268  
                                          l1260 149C                                            l1252 146A  
                                          l1332 108E                                            l1324 1070  
                                          l1316 1058                                            l1308 1040  
                                          l1340 10BE                                            l1246 1512  
                                          l1190 13EC                                            l1182 14BE  
                                          l1254 146E                                            l1270 1300  
                                          l1350 1126                                            l1342 10D4  
                                          l1334 1094                                            l1326 1076  
                                          l1318 105E                                            l1248 151E  
                                          l1264 1596                                            l1192 13F4  
                                          l1184 14C6                                            l1256 1484  
                                          l1280 13B2                                            l1272 1314  
                                          l1352 112A                                            l1360 1148  
                                          l1344 10E6                                            l1328 107C  
                                          l1336 109E                                            l1266 159E  
                                          l1194 13FC                                            l1186 13D2  
                                          l1258 149A                                            l1274 1392  
                                          l1282 13BA                                            l1370 119E  
                                          l1362 115A                                            l1354 112E  
                                          l1346 10FA                                            l1338 10B6  
                                          l1290 100A                                            l1196 140A  
                                          l1188 13DA                                            l1268 12F4  
                                          l1372 11A2                                            l1364 116E  
                                          l1356 113E                                            l1348 1112  
                                          l1292 100E                                            l1284 1002  
                                          l1198 1410                                            l1278 139A  
                                          l1382 11BC                                            l1374 11B2  
                                          l1366 1186                                            l1358 1142  
                                          l1294 1010                                            l1286 1006  
                                          l1376 11B6                                            l1368 119A  
                                          l1296 1014                                            l1288 1008  
                                          l1378 11BC                                            l1386 11C0  
                                          l1298 1016                                            l1388 11C2  
                                          _LATA 0F89                                            _LATB 0F8A  
                                          _LATC 0F8B                                            _LATD 0F8C  
                                          _LATE 0F8D                     __end_of_measure_distance_cm 12F4  
                                          _WPUB 0F5B                                   _EUSART1_Write 156C  
                                          _main 1002                                   ?_EUSART1_Read 0001  
                                          start 7FFC                                    ___param_bank 0000  
                       __end_of_stop_all_motors 15E0                   __end_of_OSCILLATOR_Initialize 15BC  
                                         ?_main 0001                                           _T1CON 0FCD  
                               __end_of___lwdiv 1446                                           _TMR1H 0FCF  
                                         _TMR1L 0FCE                                           _PORTC 0F82  
                                         _TRISA 0F92                                           _TRISB 0F93  
                                         _TRISC 0F94                                           _TRISD 0F95  
                                         _TRISE 0F96                                    main@waitTime 001E  
                                ?_EUSART1_Write 0001                      measure_distance_cm@echoPin 0008  
                                ??_EUSART1_Read 0001                                           status 0FD8  
            _EUSART1_DefaultFramingErrorHandler 0000                                 __initialization 15A4  
                    measure_distance_cm@timeout 000F                      __end_of_EUSART1_Initialize 1522  
                                  __end_of_main 11CC                      measure_distance_cm@trigPin 000E  
                                        ??_main 001C                                   __activetblptr 0002  
                                        _ANCON0 0F5D                                          _ANCON1 0F5C  
                                        _RCREG1 0FAE                      __end_of_trigger_ultrasonic 14E6  
            wait_ms_with_obstacle_check@elapsed 001A                                          _RCSTA1 0FAB  
                                        _OSCCON 0FD3                                          _SPBRG1 0FAF  
                                        _TXREG1 0FAD                                          _TXSTA1 0FAC  
                         __end_of_move_backward 15EC                                ?_stop_all_motors 0001  
                                     ??___lwdiv 0005                        ?_EUSART1_SetErrorHandler 0001  
                                        isa$std 0001                ??_EUSART1_SetOverrunErrorHandler 0003  
               ?_EUSART1_SetOverrunErrorHandler 0001                                    __mediumconst 1000  
                                        tblptru 0FF8                                 ??_EUSART1_Write 0001  
                             _SYSTEM_Initialize 1596                                      __accesstop 0060  
                       __end_of__initialization 15A6                              ?_SYSTEM_Initialize 0001  
                                 ___rparam_used 0001                                  __pcstackCOMRAM 0001  
                           ??_SYSTEM_Initialize 0003                            __end_of_EUSART1_Read 1548  
                     __end_of_SYSTEM_Initialize 15A4                                      __pnvCOMRAM 0021  
               __end_of_EUSART1_SetErrorHandler 15DA                       trigger_ultrasonic@trigPin 0003  
        __end_of_EUSART1_SetFramingErrorHandler 15D0                  _EUSART1_SetFramingErrorHandler 15C6  
                                       _REFOCON 0F9A                                         _OSCCON2 0FD2  
                                       _OSCTUNE 0F9B                                         _SPBRGH1 0F7D  
                                 ?_move_forward 0001                    __end_of_is_obstacle_detected 14A0  
                                       __Hparam 0000                                         __Lparam 0000  
                                       ___lwdiv 13D2                                    __psmallconst 1000  
                           _EUSART1_is_rx_ready 1582                                         __pcinit 15A4  
                                       __ramtop 1000                                         __ptext0 1002  
                                       __ptext1 12F4                                         __ptext2 15DA  
                                       __ptext3 1446                                         __ptext4 11CC  
                                       __ptext5 14A0                                         __ptext6 13D2  
                                       __ptext7 156C                                         __ptext8 15E0  
                                       __ptext9 15E6                                       _T1CONbits 0FCD  
                         _OSCILLATOR_Initialize 15B0                              _EUSART1_Initialize 14E6  
                      ??_PIN_MANAGER_Initialize 0001                                         main@cmd 0020  
                          end_of_initialization 15A6                            ?_EUSART1_is_rx_ready 0001  
                           ?_EUSART1_Initialize 0001                                  ??_move_forward 0001  
                                 __Lmediumconst 0000                     _EUSART1_OverrunErrorHandler 0023  
                            _trigger_ultrasonic 14A0                            ??_EUSART1_Initialize 0003  
                           ?_trigger_ultrasonic 0001                             EUSART1_Write@txData 0001  
                         ??_EUSART1_is_rx_ready 0001                    ?_wait_ms_with_obstacle_check 0016  
                                  _EUSART1_Read 1522                            ??_trigger_ultrasonic 0001  
                        ?_OSCILLATOR_Initialize 0001                            _is_obstacle_detected 1446  
                           start_initialization 15A4                           __end_of_EUSART1_Write 1582  
                 ??_wait_ms_with_obstacle_check 0018                            __end_of_move_forward 15E6  
        wait_ms_with_obstacle_check@duration_ms 0016                           ?_is_obstacle_detected 0001  
                                   __pbssCOMRAM 0027                             _measure_distance_cm 11CC  
              ??_EUSART1_SetFramingErrorHandler 0003                 ?_EUSART1_SetFramingErrorHandler 0001  
                          ?_measure_distance_cm 0008                                ___lwdiv@dividend 0001  
                        _PIN_MANAGER_Initialize 1548                                        ?___lwdiv 0001  
                                 _move_backward 15E6                                     __smallconst 1000  
                                      _BAUDCON1 0FA7              _EUSART1_DefaultOverrunErrorHandler 0000  
                          _EUSART1_ErrorHandler 0021                         _EUSART1_SetErrorHandler 15D0  
                              ___lwdiv@quotient 0005                               ??_stop_all_motors 0001  
       EUSART1_SetErrorHandler@interruptHandler 0001                                        _LATCbits 0F8B  
                         ??_measure_distance_cm 000A                                        _PIR1bits 0F9E  
                     is_obstacle_detected@dist1 0011                       is_obstacle_detected@dist2 0013  
                                ?_move_backward 0001                          ??_is_obstacle_detected 0011  
                                   _INTCON2bits 0FF1                         measure_distance_cm@time 000C  
                                      __Hrparam 0000                                        __Lrparam 0000  
                       ??_OSCILLATOR_Initialize 0001                       ??_EUSART1_SetErrorHandler 0003  
                   _EUSART1_DefaultErrorHandler 0000                     __end_of_EUSART1_is_rx_ready 1596  
                               ___lwdiv@divisor 0003                                 ___lwdiv@counter 0007  
                                      __ptext10 1596                                        __ptext11 1548  
                                      __ptext12 15B0                                        __ptext13 14E6  
                                      __ptext14 15BC                                        __ptext15 15C6  
                                      __ptext16 15D0                                        __ptext17 1582  
                                      __ptext18 1522                                    _move_forward 15E0  
                               ??_move_backward 0001  EUSART1_SetOverrunErrorHandler@interruptHandler 0001  
                                      isa$xinst 0000                     _EUSART1_FramingErrorHandler 0025  
                                    _INTCONbits 0FF2                         ?_PIN_MANAGER_Initialize 0001  
        __end_of_EUSART1_SetOverrunErrorHandler 15C6                  _EUSART1_SetOverrunErrorHandler 15BC  
                                    _RCSTA1bits 0FAB  EUSART1_SetFramingErrorHandler@interruptHandler 0001  
                            _eusart1RxLastError 0027                                 _stop_all_motors 15DA  
                      _is_obstacle_detected$444 0015             __end_of_wait_ms_with_obstacle_check 13D2  
                   _wait_ms_with_obstacle_check 12F4                  __end_of_PIN_MANAGER_Initialize 156C  
